NUM_POSTE;NOM_USUEL;LAT;LON;ALTI;AAAAMMJJ;RR;QRR;TN;QTN;HTN;QHTN;TX;QTX;HTX;QHTX;TM;QTM;TNTXM;QTNTXM;TAMPLI;QTAMPLI;TNSOL;QTNSOL;TN50;QTN50;DG;QDG;FFM;QFFM;FF2M;QFF2M;FXY;QFXY;DXY;QDXY;HXY;QHXY;FXI;QFXI;DXI;QDXI;HXI;QHXI;FXI2;QFXI2;DXI2;QDXI2;HXI2;QHXI2;FXI3S;QFXI3S;DXI3S;QDXI3S;HXI3S;QHXI3S;DRR;QDRR
91272001;GIF-SUR-YVETTE-INRAE;48.714333;2.151000;157;20240101;11.5;1;4.5;1;724;9;10.4;1;318;9;7.2;1;7.5;1;5.9;1;3.6;9;4.0;9;;;;;4.1;9;;;;;;;;;;;;;14.0;9;360;9;2306;9;;;;;;;;
91272001;GIF-SUR-YVETTE-INRAE;48.714333;2.151000;157;20240102;18.0;1;9.3;1;654;9;11.1;1;1836;9;10.2;1;10.2;1;1.8;1;7.3;9;7.4;9;;;;;6.7;9;;;;;;;;;;;;;19.0;9;90;9;1312;9;;;;;;;;
91272001;GIF-SUR-YVETTE-INRAE;48.714333;2.151000;157;20240103;8.5;1;8.6;1;1306;9;11.3;1;1142;9;9.6;1;10.0;1;2.7;1;7.7;9;7.7;9;;;;;4.6;9;;;;;;;;;;;;;13.0;9;360;9;1248;9;;;;;;;;
91272001;GIF-SUR-YVETTE-INRAE;48.714333;2.151000;157;20240104;0.0;1;6.2;1;800;9;10.5;1;1900;9;8.5;1;8.4;1;4.3;1;5.4;9;5.8;9;;;;;4.1;9;;;;;;;;;;;;;13.0;9;60;9;1954;9;;;;;;;;
91272001;GIF-SUR-YVETTE-INRAE;48.714333;2.151000;157;20240105;1.0;1;4.6;1;842;9;9.3;1;1306;9;6.4;1;7.0;1;4.7;1;1.7;9;2.8;9;;;;;2.4;9;;;;;;;;;;;;;12.0;9;360;9;118;9;;;;;;;;
91272001;GIF-SUR-YVETTE-INRAE;48.714333;2.151000;157;20240106;0.5;1;2.9;1;306;9;7.0;1;1242;9;4.5;1;5.0;1;4.1;1;0.0;9;1.2;9;;;;;2.5;9;;;;;;;;;;;;;10.0;9;360;9;2000;9;;;;;;;;
91272001;GIF-SUR-YVETTE-INRAE;48.714333;2.151000;157;20240107;0.0;1;1.9;1;1754;9;2.9;1;1148;9;2.2;1;2.4;1;1.0;1;1.1;9;1.6;9;;;;;3.7;9;;;;;;;;;;;;;9.0;9;360;9;2336;9;;;;;;;;
91272001;GIF-SUR-YVETTE-INRAE;48.714333;2.151000;157;20240108;0.0;1;-2.5;1;1230;9;-1.5;1;1536;9;-1.9;1;-2.0;1;1.0;1;-2.2;9;-2.1;9;;;;;3.9;9;;;;;;;;;;;;;10.0;9;360;9;430;9;;;;;;;;
91272001;GIF-SUR-YVETTE-INRAE;48.714333;2.151000;157;20240109;0.0;1;-3.8;1;1754;9;-2.5;1;1118;9;-3.0;1;-3.2;1;1.3;1;-4.2;9;-4.0;9;;;;;2.7;9;;;;;;;;;;;;;6.0;9;360;9;1936;9;;;;;;;;
91272001;GIF-SUR-YVETTE-INRAE;48.714333;2.151000;157;20240110;0.0;1;-3.2;1;6;9;-0.4;1;1412;9;-1.9;1;-1.8;1;2.8;1;-4.3;9;-4.0;9;;;;;1.9;9;;;;;;;;;;;;;4.0;9;360;9;1948;9;;;;;;;;
91272001;GIF-SUR-YVETTE-INRAE;48.714333;2.151000;157;20240111;0.0;1;-2.9;1;424;9;1.5;1;554;9;-0.9;1;-0.7;1;4.4;1;-4.7;9;-3.8;9;;;;;3.1;9;;;;;;;;;;;;;8.0;9;360;9;2100;9;;;;;;;;
91272001;GIF-SUR-YVETTE-INRAE;48.714333;2.151000;157;20240112;0.0;1;-1.0;1;0;9;1.9;1;812;9;0.7;1;0.5;1;2.9;1;-3.2;9;-2.5;9;;;;;2.9;9;;;;;;;;;;;;;7.0;9;360;9;900;9;;;;;;;;
91272001;GIF-SUR-YVETTE-INRAE;48.714333;2.151000;157;20240113;0.0;1;-3.0;1;1612;9;-1.9;1;748;9;-2.4;1;-2.5;1;1.1;1;-2.6;9;-2.9;9;;;;;1.3;9;;;;;;;;;;;;;4.0;9;360;9;2342;9;;;;;;;;
91272001;GIF-SUR-YVETTE-INRAE;48.714333;2.151000;157;20240114;0.0;1;-4.4;1;554;9;-0.6;1;554;9;-3.1;1;-2.5;1;3.8;1;-4.1;9;-4.3;9;;;;;1.6;9;;;;;;;;;;;;;5.0;9;360;9;1712;9;;;;;;;;
91272001;GIF-SUR-YVETTE-INRAE;48.714333;2.151000;157;20240115;0.5;1;-1.9;1;142;9;4.5;1;1242;9;0.2;1;1.3;1;6.4;1;-4.5;9;-2.4;9;;;;;1.8;9;;;;;;;;;;;;;7.0;9;360;9;1300;9;;;;;;;;
91272001;GIF-SUR-YVETTE-INRAE;48.714333;2.151000;157;20240116;0.0;2;-4.6;1;654;9;4.1;1;1154;9;-1.3;1;-0.3;1;8.7;1;-8.6;9;-6.6;9;;;;;1.2;9;;;;;;;;;;;;;5.0;9;120;9;2054;9;;;;;;;;
91272001;GIF-SUR-YVETTE-INRAE;48.714333;2.151000;157;20240117;14.5;1;-1.3;1;154;9;10.9;1;1324;9;1.4;1;4.8;1;12.2;1;-1.5;9;-1.6;9;;;;;2.4;9;;;;;;;;;;;;;12.0;9;220;9;1254;9;;;;;;;;
91272001;GIF-SUR-YVETTE-INRAE;48.714333;2.151000;157;20240118;0.0;1;-1.0;1;830;9;2.4;1;1412;9;-0.3;1;0.7;1;3.4;1;-3.1;9;-1.8;9;;;;;2.9;9;;;;;;;;;;;;;10.0;9;360;9;506;9;;;;;;;;
91272001;GIF-SUR-YVETTE-INRAE;48.714333;2.151000;157;20240119;0.0;1;-4.1;1;542;9;3.6;1;1318;9;-1.2;1;-0.3;1;7.7;1;-7.6;9;-5.5;9;;;;;1.5;9;;;;;;;;;;;;;4.0;9;360;9;2318;9;;;;;;;;
91272001;GIF-SUR-YVETTE-INRAE;48.714333;2.151000;157;20240120;0.0;1;-4.4;1;748;9;2.4;1;1430;9;-1.2;1;-1.0;1;6.8;1;-6.8;9;-5.5;9;;;;;1.9;9;;;;;;;;;;;;;7.0;9;360;9;2354;9;;;;;;;;
91272001;GIF-SUR-YVETTE-INRAE;48.714333;2.151000;157;20240121;0.0;1;-1.5;1;100;9;10.4;1;518;9;3.5;1;4.5;1;11.9;1;-2.0;9;-1.7;9;;;;;5.1;9;;;;;;;;;;;;;18.0;9;60;9;2342;9;;;;;;;;
91272001;GIF-SUR-YVETTE-INRAE;48.714333;2.151000;157;20240122;0.5;1;8.9;1;42;9;12.6;1;1212;9;9.9;1;10.8;1;3.7;1;5.9;9;6.2;9;;;;;6.0;9;;;;;;;;;;;;;18.0;9;60;9;212;9;;;;;;;;
91272001;GIF-SUR-YVETTE-INRAE;48.714333;2.151000;157;20240123;0.5;1;6.1;1;412;9;12.8;1;554;9;8.9;1;9.5;1;6.7;1;4.9;9;5.5;9;;;;;4.5;9;;;;;;;;;;;;;13.0;9;250;9;2354;9;;;;;;;;
91272001;GIF-SUR-YVETTE-INRAE;48.714333;2.151000;157;20240124;2.0;1;10.8;1;1018;9;14.1;1;1306;9;12.4;1;12.5;1;3.3;1;9.8;9;9.9;9;;;;;3.7;9;;;;;;;;;;;;;13.0;9;230;9;118;9;;;;;;;;
91272001;GIF-SUR-YVETTE-INRAE;48.714333;2.151000;157;20240125;0.5;1;9.4;1;412;9;12.4;1;1312;9;10.6;1;10.9;1;3.0;1;9.1;9;9.2;9;;;;;1.9;9;;;;;;;;;;;;;7.0;9;30;9;1548;9;;;;;;;;
91272001;GIF-SUR-YVETTE-INRAE;48.714333;2.151000;157;20240126;1.5;1;6.0;1;1754;9;11.4;1;1300;9;8.4;1;8.7;1;5.4;1;-0.1;9;2.9;9;;;;;2.9;9;;;;;;;;;;;;;10.0;9;300;9;1018;9;;;;;;;;
91272001;GIF-SUR-YVETTE-INRAE;48.714333;2.151000;157;20240127;0.5;1;-0.9;1;736;9;7.0;1;1448;9;3.0;1;3.1;1;7.9;1;-5.5;9;-3.2;9;;;;;1.4;9;;;;;;;;;;;;;5.0;9;360;9;1806;9;;;;;;;;
91272001;GIF-SUR-YVETTE-INRAE;48.714333;2.151000;157;20240128;0.0;1;0.1;1;200;9;8.2;1;1506;9;4.6;1;4.2;1;8.1;1;-2.9;9;-1.5;9;;;;;2.0;9;;;;;;;;;;;;;6.0;9;360;9;406;9;;;;;;;;
91272001;GIF-SUR-YVETTE-INRAE;48.714333;2.151000;157;20240129;0.0;1;5.1;1;724;9;12.7;1;1400;9;9.2;1;8.9;1;7.6;1;3.5;9;4.3;9;;;;;2.7;9;;;;;;;;;;;;;7.0;9;60;9;1254;9;;;;;;;;
91272001;GIF-SUR-YVETTE-INRAE;48.714333;2.151000;157;20240130;0.0;1;8.5;1;1754;9;11.2;1;1200;9;9.3;1;9.9;1;2.7;1;5.3;9;6.9;9;;;;;2.2;9;;;;;;;;;;;;;8.0;9;360;9;518;9;;;;;;;;
91272001;GIF-SUR-YVETTE-INRAE;48.714333;2.151000;157;20240131;0.5;1;4.5;1;724;9;9.7;1;1442;9;7.0;1;7.1;1;5.2;1;-0.4;9;1.6;9;;;;;1.8;9;;;;;;;;;;;;;7.0;9;360;9;2154;9;;;;;;;;
91272001;GIF-SUR-YVETTE-INRAE;48.714333;2.151000;157;20240201;0.5;1;8.0;1;1742;9;10.9;1;1506;9;8.6;1;9.5;1;2.9;1;4.6;9;5.6;9;;;;;1.9;9;;;;;;;;;;;;;6.0;9;360;9;406;9;;;;;;;;
91272001;GIF-SUR-YVETTE-INRAE;48.714333;2.151000;157;20240202;0.5;1;2.8;1;548;9;8.4;1;1442;9;5.4;1;5.6;1;5.6;1;2.0;9;2.6;9;;;;;2.4;9;;;;;;;;;;;;;6.0;9;360;9;1754;9;;;;;;;;
91272001;GIF-SUR-YVETTE-INRAE;48.714333;2.151000;157;20240203;0.0;1;7.2;1;30;9;9.6;1;1524;9;8.5;1;8.4;1;2.4;1;5.8;9;5.7;9;;;;;2.0;9;;;;;;;;;;;;;6.0;9;360;9;1542;9;;;;;;;;
91272001;GIF-SUR-YVETTE-INRAE;48.714333;2.151000;157;20240204;0.0;1;8.0;1;800;9;9.7;1;1054;9;8.5;1;8.9;1;1.7;1;7.6;9;7.7;9;;;;;2.9;9;;;;;;;;;;;;;8.0;9;10;9;1230;9;;;;;;;;
91272001;GIF-SUR-YVETTE-INRAE;48.714333;2.151000;157;20240205;0.0;1;6.7;1;1754;9;7.9;1;600;9;7.3;1;7.3;1;1.2;1;6.5;9;6.6;9;;;;;3.3;9;;;;;;;;;;;;;8.0;9;360;9;2200;9;;;;;;;;
91272001;GIF-SUR-YVETTE-INRAE;48.714333;2.151000;157;20240206;1.0;1;6.2;1;12;9;10.9;1;1430;9;9.0;1;8.6;1;4.7;1;6.0;9;6.0;9;;;;;4.8;9;;;;;;;;;;;;;11.0;9;90;9;1106;9;;;;;;;;
91272001;GIF-SUR-YVETTE-INRAE;48.714333;2.151000;157;20240207;8.5;1;9.9;1;1430;9;11.8;1;548;9;10.6;1;10.9;1;1.9;1;8.9;9;8.9;9;;;;;5.3;9;;;;;;;;;;;;;12.0;9;360;9;1312;9;;;;;;;;
91272001;GIF-SUR-YVETTE-INRAE;48.714333;2.151000;157;20240208;5.0;1;10.7;1;1736;9;12.7;1;1242;9;11.3;1;11.7;1;2.0;1;9.9;9;10.1;9;;;;;5.0;9;;;;;;;;;;;;;13.0;9;60;9;954;9;;;;;;;;
91272001;GIF-SUR-YVETTE-INRAE;48.714333;2.151000;157;20240209;0.0;1;9.8;1;0;9;12.6;1;1224;9;10.6;1;11.2;1;2.8;1;8.7;9;8.8;9;;;;;4.7;9;;;;;;;;;;;;;12.0;9;90;9;600;9;;;;;;;;
91272001;GIF-SUR-YVETTE-INRAE;48.714333;2.151000;157;20240210;6.5;1;6.4;1;1754;9;9.5;1;1342;9;7.4;1;8.0;1;3.1;1;4.7;9;5.6;9;;;;;1.8;9;;;;;;;;;;;;;9.0;9;360;9;1448;9;;;;;;;;
91272001;GIF-SUR-YVETTE-INRAE;48.714333;2.151000;157;20240211;1.0;1;6.7;1;18;9;9.7;1;1448;9;7.9;1;8.2;1;3.0;1;5.4;9;5.7;9;;;;;4.0;9;;;;;;;;;;;;;10.0;9;360;9;1548;9;;;;;;;;
91272001;GIF-SUR-YVETTE-INRAE;48.714333;2.151000;157;20240212;1.0;1;4.3;1;212;9;10.6;1;1412;9;6.3;1;7.5;1;6.3;1;2.8;9;3.8;9;;;;;1.7;9;;;;;;;;;;;;;6.0;9;360;9;1618;9;;;;;;;;
91272001;GIF-SUR-YVETTE-INRAE;48.714333;2.151000;157;20240213;0.5;1;2.9;1;148;9;9.7;1;554;9;6.7;1;6.3;1;6.8;1;0.0;9;1.2;9;;;;;3.1;9;;;;;;;;;;;;;10.0;9;360;9;1812;9;;;;;;;;
91272001;GIF-SUR-YVETTE-INRAE;48.714333;2.151000;157;20240214;0.5;1;8.8;1;0;9;14.2;1;1412;9;11.6;1;11.5;1;5.4;1;7.5;9;7.6;9;;;;;3.2;9;;;;;;;;;;;;;9.0;9;90;9;1118;9;;;;;;;;
91272001;GIF-SUR-YVETTE-INRAE;48.714333;2.151000;157;20240215;0.0;1;7.8;1;624;9;17.4;1;1442;9;13.4;1;12.6;1;9.6;1;4.6;9;6.1;9;;;;;2.5;9;;;;;;;;;;;;;8.0;9;190;9;2354;9;;;;;;;;
91272001;GIF-SUR-YVETTE-INRAE;48.714333;2.151000;157;20240216;0.0;1;9.8;1;1754;9;13.2;1;636;9;11.8;1;11.5;1;3.4;1;7.2;9;8.7;9;;;;;3.3;9;;;;;;;;;;;;;9.0;9;90;9;624;9;;;;;;;;
91272001;GIF-SUR-YVETTE-INRAE;48.714333;2.151000;157;20240217;0.0;1;8.4;1;712;9;13.9;1;1448;9;10.3;1;11.2;1;5.5;1;6.2;9;7.6;9;;;;;1.6;9;;;;;;;;;;;;;6.0;9;30;9;1300;9;;;;;;;;
91272001;GIF-SUR-YVETTE-INRAE;48.714333;2.151000;157;20240218;4.5;1;6.5;1;454;9;11.4;1;1954;9;8.9;1;9.0;1;4.9;1;5.9;9;6.3;9;;;;;3.2;9;;;;;;;;;;;;;9.0;9;360;9;1242;9;;;;;;;;
91272001;GIF-SUR-YVETTE-INRAE;48.714333;2.151000;157;20240219;0.5;1;8.9;1;1730;9;10.3;1;1000;9;9.4;1;9.6;1;1.4;1;6.2;9;7.6;9;;;;;2.4;9;;;;;;;;;;;;;8.0;9;360;9;1306;9;;;;;;;;
91272001;GIF-SUR-YVETTE-INRAE;48.714333;2.151000;157;20240220;0.0;1;6.0;1;624;9;9.3;1;1536;9;7.1;1;7.7;1;3.3;1;5.0;9;6.0;9;;;;;2.3;9;;;;;;;;;;;;;6.0;9;360;9;1900;9;;;;;;;;
91272001;GIF-SUR-YVETTE-INRAE;48.714333;2.151000;157;20240221;12.0;1;5.8;1;218;9;11.6;1;548;9;8.1;1;8.7;1;5.8;1;5.0;9;5.4;9;;;;;4.4;9;;;;;;;;;;;;;13.0;9;360;9;1830;9;;;;;;;;
91272001;GIF-SUR-YVETTE-INRAE;48.714333;2.151000;157;20240222;16.0;1;6.5;1;1548;9;12.8;1;1324;9;9.7;1;9.7;1;6.3;1;5.5;9;5.5;9;;;;;6.0;9;;;;;;;;;;;;;18.0;9;360;9;1542;9;;;;;;;;
91272001;GIF-SUR-YVETTE-INRAE;48.714333;2.151000;157;20240223;1.0;1;3.7;1;636;9;8.5;1;1324;9;5.1;1;6.1;1;4.8;1;2.9;9;3.3;9;;;;;4.2;9;;;;;;;;;;;;;10.0;9;360;9;1642;9;;;;;;;;
91272001;GIF-SUR-YVETTE-INRAE;48.714333;2.151000;157;20240224;4.5;1;2.7;1;642;9;7.9;1;1342;9;4.8;1;5.3;1;5.2;1;2.0;9;2.5;9;;;;;3.9;9;;;;;;;;;;;;;12.0;9;360;9;1606;9;;;;;;;;
91272001;GIF-SUR-YVETTE-INRAE;48.714333;2.151000;157;20240225;8.0;1;4.0;1;454;9;8.3;1;200;9;6.1;1;6.2;1;4.3;1;4.0;9;4.0;9;;;;;3.6;9;;;;;;;;;;;;;10.0;9;360;9;1212;9;;;;;;;;
91272001;GIF-SUR-YVETTE-INRAE;48.714333;2.151000;157;20240226;9.5;1;5.1;1;1754;9;9.7;1;1142;9;6.8;1;7.4;1;4.6;1;4.7;9;4.6;9;;;;;4.0;9;;;;;;;;;;;;;14.0;9;360;9;1830;9;;;;;;;;
91272001;GIF-SUR-YVETTE-INRAE;48.714333;2.151000;157;20240227;0.0;1;4.0;1;800;9;8.6;1;1554;9;5.5;1;6.3;1;4.6;1;3.9;9;4.0;9;;;;;3.7;9;;;;;;;;;;;;;10.0;9;360;9;112;9;;;;;;;;
91272001;GIF-SUR-YVETTE-INRAE;48.714333;2.151000;157;20240228;0.0;1;-0.1;1;648;9;9.1;1;1348;9;5.5;1;4.5;1;9.2;1;-3.8;9;-1.8;9;;;;;1.9;9;;;;;;;;;;;;;6.0;9;360;9;2354;9;;;;;;;;
91272001;GIF-SUR-YVETTE-INRAE;48.714333;2.151000;157;20240229;3.5;1;7.3;1;830;9;10.2;1;1736;9;8.4;1;8.8;1;2.9;1;5.5;9;6.1;9;;;;;3.7;9;;;;;;;;;;;;;10.0;9;360;9;2218;9;;;;;;;;
91272001;GIF-SUR-YVETTE-INRAE;48.714333;2.151000;157;20240301;6.0;1;3.9;1;654;9;10.2;1;1436;9;6.5;1;7.1;1;6.3;1;3.2;9;3.6;9;;;;;4.6;9;;;;;;;;;;;;;15.0;9;360;9;1118;9;;;;;;;;
91272001;GIF-SUR-YVETTE-INRAE;48.714333;2.151000;157;20240302;13.5;1;4.1;1;418;9;7.4;1;1436;9;5.5;1;5.8;1;3.3;1;3.2;9;3.7;9;;;;;2.8;9;;;;;;;;;;;;;10.0;9;360;9;1100;9;;;;;;;;
91272001;GIF-SUR-YVETTE-INRAE;48.714333;2.151000;157;20240303;0.5;1;4.0;1;718;9;8.6;1;1530;9;5.4;1;6.3;1;4.6;1;2.1;9;3.6;9;;;;;1.4;9;;;;;;;;;;;;;6.0;9;360;9;1524;9;;;;;;;;
91272001;GIF-SUR-YVETTE-INRAE;48.714333;2.151000;157;20240304;0.5;1;-0.2;1;418;9;10.3;1;1400;9;5.8;1;5.1;1;10.5;1;-4.0;9;-1.8;9;;;;;1.9;9;;;;;;;;;;;;;9.0;9;360;9;2030;9;;;;;;;;
91272001;GIF-SUR-YVETTE-INRAE;48.714333;2.151000;157;20240305;4.5;1;5.5;1;48;9;10.0;1;1412;9;6.3;1;7.8;1;4.5;1;4.8;9;5.0;9;;;;;2.9;9;;;;;;;;;;;;;8.0;9;360;9;1306;9;;;;;;;;
91272001;GIF-SUR-YVETTE-INRAE;48.714333;2.151000;157;20240306;0.0;1;4.0;1;630;9;9.8;1;1448;9;6.2;1;6.9;1;5.8;1;1.9;9;3.1;9;;;;;1.2;9;;;;;;;;;;;;;4.0;9;90;9;1000;9;;;;;;;;
91272001;GIF-SUR-YVETTE-INRAE;48.714333;2.151000;157;20240307;0.5;1;1.2;1;448;9;12.2;1;1448;9;6.8;1;6.7;1;11.0;1;-4.0;9;-1.1;9;;;;;2.7;9;;;;;;;;;;;;;8.0;9;90;9;1548;9;;;;;;;;
91272001;GIF-SUR-YVETTE-INRAE;48.714333;2.151000;157;20240308;0.0;1;2.4;1;612;9;12.8;1;1518;9;7.9;1;7.6;1;10.4;1;1.3;9;2.0;9;;;;;3.8;9;;;;;;;;;;;;;12.0;9;90;9;2148;9;;;;;;;;
91272001;GIF-SUR-YVETTE-INRAE;48.714333;2.151000;157;20240309;5.0;1;4.9;1;642;9;12.8;1;1136;9;7.9;1;8.9;1;7.9;1;3.3;9;4.3;9;;;;;2.6;9;;;;;;;;;;;;;8.0;9;360;9;1224;9;;;;;;;;
91272001;GIF-SUR-YVETTE-INRAE;48.714333;2.151000;157;20240310;0.0;1;6.5;1;748;9;9.9;1;1554;9;7.3;1;8.2;1;3.4;1;5.9;9;6.0;9;;;;;1.6;9;;;;;;;;;;;;;4.0;9;360;9;1636;9;;;;;;;;
91272001;GIF-SUR-YVETTE-INRAE;48.714333;2.151000;157;20240311;1.5;1;4.3;1;218;9;12.3;1;1130;9;7.7;1;8.3;1;8.0;1;0.0;9;3.2;9;;;;;2.5;9;;;;;;;;;;;;;9.0;9;360;9;1524;9;;;;;;;;
91272001;GIF-SUR-YVETTE-INRAE;48.714333;2.151000;157;20240312;6.5;1;6.4;1;718;9;11.2;1;1754;9;8.9;1;8.8;1;4.8;1;5.7;9;6.2;9;;;;;2.7;9;;;;;;;;;;;;;8.0;9;360;9;1548;9;;;;;;;;
91272001;GIF-SUR-YVETTE-INRAE;48.714333;2.151000;157;20240313;0.0;1;9.3;1;424;9;12.3;1;1454;9;10.4;1;10.8;1;3.0;1;8.2;9;8.8;9;;;;;2.2;9;;;;;;;;;;;;;7.0;9;360;9;1454;9;;;;;;;;
91272001;GIF-SUR-YVETTE-INRAE;48.714333;2.151000;157;20240314;0.5;1;5.6;1;636;9;17.2;1;1530;9;11.7;1;11.4;1;11.6;1;0.4;9;4.0;9;;;;;2.4;9;;;;;;;;;;;;;8.0;9;360;9;2354;9;;;;;;;;
91272001;GIF-SUR-YVETTE-INRAE;48.714333;2.151000;157;20240315;6.5;1;11.5;1;1724;9;15.7;1;1442;9;12.7;1;13.6;1;4.2;1;10.6;9;10.6;9;;;;;4.0;9;;;;;;;;;;;;;10.0;9;360;9;1430;9;;;;;;;;
91272001;GIF-SUR-YVETTE-INRAE;48.714333;2.151000;157;20240316;0.5;1;9.0;1;654;9;14.4;1;1530;9;11.2;1;11.7;1;5.4;1;7.9;9;8.3;9;;;;;2.1;9;;;;;;;;;;;;;9.0;9;270;9;230;9;;;;;;;;
91272001;GIF-SUR-YVETTE-INRAE;48.714333;2.151000;157;20240317;2.5;1;9.5;1;518;9;14.6;1;1606;9;11.6;1;12.1;1;5.1;1;8.1;9;8.9;9;;;;;1.7;9;;;;;;;;;;;;;6.0;9;230;9;1348;9;;;;;;;;
91272001;GIF-SUR-YVETTE-INRAE;48.714333;2.151000;157;20240318;0.0;1;10.4;1;630;9;15.8;1;1618;9;12.8;1;13.1;1;5.4;1;8.6;9;9.7;9;;;;;1.3;9;;;;;;;;;;;;;5.0;9;240;9;1354;9;;;;;;;;
91272001;GIF-SUR-YVETTE-INRAE;48.714333;2.151000;157;20240319;0.0;1;6.8;1;254;9;16.9;1;1542;9;11.3;1;11.9;1;10.1;1;1.9;9;5.0;9;;;;;0.9;9;;;;;;;;;;;;;6.0;9;270;9;1206;9;;;;;;;;
91272001;GIF-SUR-YVETTE-INRAE;48.714333;2.151000;157;20240320;0.0;1;6.3;1;318;9;19.6;1;1348;9;13.0;1;13.0;1;13.3;1;1.1;9;4.2;9;;;;;0.7;9;;;;;;;;;;;;;4.0;9;110;9;1542;9;;;;;;;;
91272001;GIF-SUR-YVETTE-INRAE;48.714333;2.151000;157;20240321;0.0;1;7.3;1;600;9;19.5;1;1454;9;13.2;1;13.4;1;12.2;1;3.3;9;6.2;9;;;;;0.9;9;;;;;;;;;;;;;4.0;9;330;9;1554;9;;;;;;;;
91272001;GIF-SUR-YVETTE-INRAE;48.714333;2.151000;157;20240322;3.0;1;6.7;1;530;9;17.5;1;1518;9;11.7;1;12.1;1;10.8;1;1.2;9;4.8;9;;;;;1.8;9;;;;;;;;;;;;;8.0;9;360;9;2248;9;;;;;;;;
91272001;GIF-SUR-YVETTE-INRAE;48.714333;2.151000;157;20240323;6.0;1;4.5;1;1342;9;10.9;1;1236;9;6.4;1;7.7;1;6.4;1;3.1;9;3.3;9;;;;;3.7;9;;;;;;;;;;;;;16.0;9;360;9;1336;9;;;;;;;;
91272001;GIF-SUR-YVETTE-INRAE;48.714333;2.151000;157;20240324;0.0;1;3.1;1;542;9;11.3;1;1436;9;6.4;1;7.2;1;8.2;1;1.5;9;2.6;9;;;;;2.9;9;;;;;;;;;;;;;11.0;9;270;9;1500;9;;;;;;;;
91272001;GIF-SUR-YVETTE-INRAE;48.714333;2.151000;157;20240325;0.5;1;1.6;1;354;9;12.8;1;1306;9;7.8;1;7.2;1;11.2;1;-3.7;9;-0.6;9;;;;;2.7;9;;;;;;;;;;;;;10.0;9;80;9;1330;9;;;;;;;;
91272001;GIF-SUR-YVETTE-INRAE;48.714333;2.151000;157;20240326;7.0;1;7.7;1;542;9;11.6;1;1412;9;8.5;1;9.7;1;3.9;1;6.0;9;6.5;9;;;;;2.5;9;;;;;;;;;;;;;9.0;9;360;9;2012;9;;;;;;;;
91272001;GIF-SUR-YVETTE-INRAE;48.714333;2.151000;157;20240327;4.5;1;5.1;1;748;9;11.9;1;1342;9;7.7;1;8.5;1;6.8;1;3.4;9;4.4;9;;;;;3.7;9;;;;;;;;;;;;;11.0;9;90;9;1530;9;;;;;;;;
91272001;GIF-SUR-YVETTE-INRAE;48.714333;2.151000;157;20240328;1.0;1;5.0;1;524;9;11.0;1;1554;9;8.3;1;8.0;1;6.0;1;3.8;9;4.4;9;;;;;5.6;9;;;;;;;;;;;;;17.0;9;90;9;1530;9;;;;;;;;
91272001;GIF-SUR-YVETTE-INRAE;48.714333;2.151000;157;20240329;;;;;;;;;;;9.5;1;;;;;;;;;;;;;3.0;9;;;;;;;;;;;;;;;;;;;;;;;;;;
91272001;GIF-SUR-YVETTE-INRAE;48.714333;2.151000;157;20240330;1.0;1;5.8;1;536;9;10.0;1;1512;9;7.9;1;7.9;1;4.2;1;5.7;9;5.6;9;;;;;2.1;9;;;;;;;;;;;;;6.0;9;360;9;2036;9;;;;;;;;
91272001;GIF-SUR-YVETTE-INRAE;48.714333;2.151000;157;20240331;7.5;1;6.0;1;542;9;14.7;1;1212;9;9.9;1;10.4;1;8.7;1;4.1;9;5.4;9;;;;;2.2;9;;;;;;;;;;;;;14.0;9;30;9;1318;9;;;;;;;;
91272001;GIF-SUR-YVETTE-INRAE;48.714333;2.151000;157;20240401;1.0;1;6.5;1;554;9;13.2;1;1312;9;9.2;1;9.9;1;6.7;1;4.5;9;5.9;9;;;;;3.4;9;;;;;;;;;;;;;12.0;9;250;9;1318;9;;;;;;;;
91272001;GIF-SUR-YVETTE-INRAE;48.714333;2.151000;157;20240402;7.0;1;7.0;1;612;9;12.7;1;1200;9;10.1;1;9.9;1;5.7;1;6.0;9;6.7;9;;;;;4.2;9;;;;;;;;;;;;;12.0;9;240;9;1136;9;;;;;;;;
91272001;GIF-SUR-YVETTE-INRAE;48.714333;2.151000;157;20240403;7.0;1;9.3;1;136;9;16.7;1;1336;9;12.4;1;13.0;1;7.4;1;8.1;9;8.7;9;;;;;4.4;9;;;;;;;;;;;;;12.0;9;250;9;1330;9;;;;;;;;
91272001;GIF-SUR-YVETTE-INRAE;48.714333;2.151000;157;20240404;2.0;1;10.6;1;842;9;18.0;1;1424;9;13.9;1;14.3;1;7.4;1;10.0;9;10.0;9;;;;;4.6;9;;;;;;;;;;;;;15.0;9;230;9;1118;9;;;;;;;;
91272001;GIF-SUR-YVETTE-INRAE;48.714333;2.151000;157;20240405;0.5;1;12.6;1;124;9;17.2;1;1548;9;15.0;1;14.9;1;4.6;1;11.1;9;11.9;9;;;;;3.1;9;;;;;;;;;;;;;11.0;9;220;9;1500;9;;;;;;;;
91272001;GIF-SUR-YVETTE-INRAE;48.714333;2.151000;157;20240406;0.0;1;12.5;1;12;9;22.3;1;1200;9;17.1;1;17.4;1;9.8;1;7.4;9;10.4;9;;;;;2.9;9;;;;;;;;;;;;;14.0;9;230;9;1148;9;;;;;;;;
91272001;GIF-SUR-YVETTE-INRAE;48.714333;2.151000;157;20240407;5.0;1;13.7;1;712;9;18.0;1;1512;9;14.5;1;15.9;1;4.3;1;10.1;9;12.8;9;;;;;2.0;9;;;;;;;;;;;;;8.0;9;230;9;230;9;;;;;;;;
91272001;GIF-SUR-YVETTE-INRAE;48.714333;2.151000;157;20240408;0.0;1;9.8;1;548;9;21.7;1;1442;9;14.5;1;15.8;1;11.9;1;6.2;9;8.8;9;;;;;2.8;9;;;;;;;;;;;;;12.0;9;240;9;2154;9;;;;;;;;
91272001;GIF-SUR-YVETTE-INRAE;48.714333;2.151000;157;20240409;0.5;1;7.4;1;612;9;12.0;1;1336;9;9.0;1;9.7;1;4.6;1;6.1;9;7.1;9;;;;;4.3;9;;;;;;;;;;;;;12.0;9;260;9;1236;9;;;;;;;;
91272001;GIF-SUR-YVETTE-INRAE;48.714333;2.151000;157;20240410;0.0;1;3.9;1;506;9;15.8;1;1706;9;10.5;1;9.9;1;11.9;1;-1.3;9;1.8;9;;;;;1.7;9;;;;;;;;;;;;;6.0;9;260;9;1524;9;;;;;;;;
91272001;GIF-SUR-YVETTE-INRAE;48.714333;2.151000;157;20240411;0.0;1;10.4;1;542;9;18.1;1;1454;9;13.8;1;14.3;1;7.7;1;7.5;9;9.9;9;;;;;1.6;9;;;;;;;;;;;;;6.0;9;250;9;1324;9;;;;;;;;
91272001;GIF-SUR-YVETTE-INRAE;48.714333;2.151000;157;20240412;0.5;1;10.3;1;500;9;21.8;1;1636;9;16.1;1;16.1;1;11.5;1;4.5;9;7.4;9;;;;;1.3;9;;;;;;;;;;;;;6.0;9;180;9;1148;9;;;;;;;;
91272001;GIF-SUR-YVETTE-INRAE;48.714333;2.151000;157;20240413;0.0;1;11.8;1;554;9;24.8;1;1530;9;18.5;1;18.3;1;13.0;1;5.7;9;9.0;9;;;;;2.0;9;;;;;;;;;;;;;8.0;9;210;9;1436;9;;;;;;;;
91272001;GIF-SUR-YVETTE-INRAE;48.714333;2.151000;157;20240414;0.0;1;9.0;1;542;9;19.3;1;1300;9;13.6;1;14.2;1;10.3;1;5.5;9;8.4;9;;;;;1.3;9;;;;;;;;;;;;;6.0;9;360;9;2048;9;;;;;;;;
91272001;GIF-SUR-YVETTE-INRAE;48.714333;2.151000;157;20240415;4.0;1;6.8;1;542;9;13.4;1;1406;9;9.0;1;10.1;1;6.6;1;4.6;9;6.2;9;;;;;4.0;9;;;;;;;;;;;;;14.0;9;360;9;1436;9;;;;;;;;
91272001;GIF-SUR-YVETTE-INRAE;48.714333;2.151000;157;20240416;5.5;1;5.6;1;318;9;12.7;1;1254;9;8.3;1;9.2;1;7.1;1;3.6;9;4.8;9;;;;;3.3;9;;;;;;;;;;;;;10.0;9;10;9;1136;9;;;;;;;;
91272001;GIF-SUR-YVETTE-INRAE;48.714333;2.151000;157;20240417;7.5;1;3.9;1;412;9;11.6;1;1018;9;6.6;1;7.8;1;7.7;1;-0.1;9;2.8;9;;;;;1.9;9;;;;;;;;;;;;;10.0;9;360;9;1254;9;;;;;;;;
91272001;GIF-SUR-YVETTE-INRAE;48.714333;2.151000;157;20240418;0.0;1;1.8;1;454;9;12.9;1;1518;9;7.2;1;7.4;1;11.1;1;-0.6;9;0.6;9;;;;;1.5;9;;;;;;;;;;;;;7.0;9;360;9;106;9;;;;;;;;
91272001;GIF-SUR-YVETTE-INRAE;48.714333;2.151000;157;20240419;3.0;1;7.1;1;312;9;11.1;1;1148;9;8.7;1;9.1;1;4.0;1;1.7;9;4.3;9;;;;;2.8;9;;;;;;;;;;;;;10.0;9;360;9;1436;9;;;;;;;;
91272001;GIF-SUR-YVETTE-INRAE;48.714333;2.151000;157;20240420;0.0;1;2.1;1;448;9;10.8;1;1354;9;6.2;1;6.5;1;8.7;1;-1.5;9;0.0;9;;;;;1.9;9;;;;;;;;;;;;;7.0;9;360;9;1706;9;;;;;;;;
91272001;GIF-SUR-YVETTE-INRAE;48.714333;2.151000;157;20240421;0.0;1;1.0;1;318;9;11.1;1;1442;9;6.1;1;6.1;1;10.1;1;-2.0;9;-0.1;9;;;;;2.3;9;;;;;;;;;;;;;8.0;9;360;9;1700;9;;;;;;;;
91272001;GIF-SUR-YVETTE-INRAE;48.714333;2.151000;157;20240422;1.5;1;2.1;1;506;9;10.9;1;1218;9;6.2;1;6.5;1;8.8;1;0.5;9;1.4;9;;;;;1.7;9;;;;;;;;;;;;;9.0;9;360;9;2024;9;;;;;;;;
91272001;GIF-SUR-YVETTE-INRAE;48.714333;2.151000;157;20240423;0.5;1;0.3;1;424;9;11.5;1;1406;9;6.4;1;5.9;1;11.2;1;-1.8;9;-0.7;9;;;;;1.7;9;;;;;;;;;;;;;8.0;9;360;9;1230;9;;;;;;;;
91272001;GIF-SUR-YVETTE-INRAE;48.714333;2.151000;157;20240424;0.0;1;5.2;1;430;9;10.2;1;1048;9;6.8;1;7.7;1;5.0;1;2.0;9;3.8;9;;;;;1.8;9;;;;;;;;;;;;;8.0;9;360;9;1248;9;;;;;;;;
91272001;GIF-SUR-YVETTE-INRAE;48.714333;2.151000;157;20240425;0.0;1;0.1;1;506;9;12.6;1;1424;9;7.7;1;6.4;1;12.5;1;-4.2;9;-2.1;9;;;;;1.3;9;;;;;;;;;;;;;6.0;9;90;9;1418;9;;;;;;;;
91272001;GIF-SUR-YVETTE-INRAE;48.714333;2.151000;157;20240426;2.0;1;4.7;1;448;9;14.7;1;1236;9;10.4;1;9.7;1;10.0;1;-0.5;9;2.2;9;;;;;1.7;9;;;;;;;;;;;;;9.0;9;360;9;1918;9;;;;;;;;
91272001;GIF-SUR-YVETTE-INRAE;48.714333;2.151000;157;20240427;10.0;1;8.6;1;448;9;15.2;1;1054;9;11.3;1;11.9;1;6.6;1;8.1;9;8.3;9;;;;;2.1;9;;;;;;;;;;;;;7.0;9;90;9;1530;9;;;;;;;;
91272001;GIF-SUR-YVETTE-INRAE;48.714333;2.151000;157;20240428;0.5;1;9.1;1;412;9;15.6;1;1506;9;11.1;1;12.4;1;6.5;1;8.6;9;8.7;9;;;;;3.6;9;;;;;;;;;;;;;10.0;9;10;9;1118;9;;;;;;;;
91272001;GIF-SUR-YVETTE-INRAE;48.714333;2.151000;157;20240429;0.5;1;5.5;1;454;9;16.9;1;1506;9;12.1;1;11.2;1;11.4;1;1.2;9;3.3;9;;;;;1.5;9;;;;;;;;;;;;;6.0;9;210;9;1430;9;;;;;;;;
91272001;GIF-SUR-YVETTE-INRAE;48.714333;2.151000;157;20240430;1.0;1;10.8;1;206;9;17.2;1;1412;9;13.4;1;14.0;1;6.4;1;7.3;9;8.7;9;;;;;1.8;9;;;;;;;;;;;;;8.0;9;90;9;1454;9;;;;;;;;
91272001;GIF-SUR-YVETTE-INRAE;48.714333;2.151000;157;20240501;6.5;1;11.1;1;512;9;18.4;1;1448;9;14.2;1;14.8;1;7.3;1;10.2;9;10.7;9;;;;;1.8;9;;;;;;;;;;;;;9.0;9;360;9;2218;9;;;;;;;;
91272001;GIF-SUR-YVETTE-INRAE;48.714333;2.151000;157;20240502;4.0;1;9.4;1;154;9;12.6;1;1248;9;10.4;1;11.0;1;3.2;1;8.5;9;9.0;9;;;;;2.5;9;;;;;;;;;;;;;7.0;9;360;9;1500;9;;;;;;;;
91272001;GIF-SUR-YVETTE-INRAE;48.714333;2.151000;157;20240503;0.5;1;7.7;1;448;9;15.9;1;1354;9;11.0;1;11.8;1;8.2;1;6.5;9;7.3;9;;;;;2.8;9;;;;;;;;;;;;;10.0;9;30;9;1700;9;;;;;;;;
91272001;GIF-SUR-YVETTE-INRAE;48.714333;2.151000;157;20240504;1.5;1;5.8;1;342;9;13.1;1;1800;9;9.9;1;9.5;1;7.3;1;2.5;9;4.4;9;;;;;1.3;9;;;;;;;;;;;;;5.0;9;90;9;1154;9;;;;;;;;
91272001;GIF-SUR-YVETTE-INRAE;48.714333;2.151000;157;20240505;5.0;1;8.6;1;0;9;15.9;1;1148;9;12.6;1;12.3;1;7.3;1;4.7;9;6.6;9;;;;;1.7;9;;;;;;;;;;;;;8.0;9;240;9;1154;9;;;;;;;;
91272001;GIF-SUR-YVETTE-INRAE;48.714333;2.151000;157;20240506;0.0;1;9.7;1;618;9;17.2;1;1400;9;12.5;1;13.5;1;7.5;1;9.8;9;10.0;9;;;;;2.7;9;;;;;;;;;;;;;9.0;9;10;9;1630;9;;;;;;;;
91272001;GIF-SUR-YVETTE-INRAE;48.714333;2.151000;157;20240507;0.0;1;8.7;1;442;9;19.6;1;1242;9;13.9;1;14.2;1;10.9;1;5.6;9;7.4;9;;;;;1.6;9;;;;;;;;;;;;;7.0;9;340;9;1624;9;;;;;;;;
91272001;GIF-SUR-YVETTE-INRAE;48.714333;2.151000;157;20240508;0.0;1;7.7;1;400;9;13.2;1;1518;9;10.7;1;10.5;1;5.5;1;4.1;9;6.5;9;;;;;1.5;9;;;;;;;;;;;;;5.0;9;360;9;1612;9;;;;;;;;
91272001;GIF-SUR-YVETTE-INRAE;48.714333;2.151000;157;20240509;0.0;1;7.6;1;236;9;20.2;1;1448;9;13.5;1;13.9;1;12.6;1;2.5;9;5.6;9;;;;;1.3;9;;;;;;;;;;;;;7.0;9;30;9;1312;9;;;;;;;;
91272001;GIF-SUR-YVETTE-INRAE;48.714333;2.151000;157;20240510;0.0;1;8.7;1;306;9;23.6;1;1406;9;16.7;1;16.2;1;14.9;1;3.2;9;5.8;9;;;;;1.5;9;;;;;;;;;;;;;8.0;9;40;9;1206;9;;;;;;;;
91272001;GIF-SUR-YVETTE-INRAE;48.714333;2.151000;157;20240511;0.0;1;10.2;1;342;9;25.2;1;1442;9;18.4;1;17.7;1;15.0;1;3.9;9;6.0;9;;;;;1.3;9;;;;;;;;;;;;;6.0;9;110;9;1500;9;;;;;;;;
91272001;GIF-SUR-YVETTE-INRAE;48.714333;2.151000;157;20240512;10.0;1;11.5;1;418;9;27.1;1;1324;9;18.1;1;19.3;1;15.6;1;6.7;9;8.6;9;;;;;1.5;9;;;;;;;;;;;;;14.0;9;240;9;1342;9;;;;;;;;
91272001;GIF-SUR-YVETTE-INRAE;48.714333;2.151000;157;20240513;3.5;1;13.8;1;512;9;20.8;1;1742;9;17.1;1;17.3;1;7.0;1;13.7;9;13.5;9;;;;;2.3;9;;;;;;;;;;;;;8.0;9;240;9;1030;9;;;;;;;;
91272001;GIF-SUR-YVETTE-INRAE;48.714333;2.151000;157;20240514;8.5;1;12.5;1;824;9;15.0;1;1524;9;14.0;1;13.8;1;2.5;1;12.7;9;12.2;9;;;;;2.0;9;;;;;;;;;;;;;6.0;9;30;9;712;9;;;;;;;;
91272001;GIF-SUR-YVETTE-INRAE;48.714333;2.151000;157;20240515;1.0;1;11.0;1;554;9;19.3;1;1724;9;14.7;1;15.2;1;8.3;1;9.6;9;11.0;9;;;;;2.2;9;;;;;;;;;;;;;6.0;9;360;9;1948;9;;;;;;;;
91272001;GIF-SUR-YVETTE-INRAE;48.714333;2.151000;157;20240516;0.0;1;11.0;1;536;9;18.3;1;1706;9;14.0;1;14.7;1;7.3;1;10.3;9;10.7;9;;;;;2.3;9;;;;;;;;;;;;;7.0;9;230;9;1448;9;;;;;;;;
91272001;GIF-SUR-YVETTE-INRAE;48.714333;2.151000;157;20240517;1.0;1;8.5;1;354;9;19.4;1;1530;9;14.2;1;14.0;1;10.9;1;5.3;9;7.0;9;;;;;1.3;9;;;;;;;;;;;;;4.0;9;360;9;2254;9;;;;;;;;
91272001;GIF-SUR-YVETTE-INRAE;48.714333;2.151000;157;20240518;6.5;1;9.9;1;406;9;20.8;1;1254;9;14.4;1;15.4;1;10.9;1;5.5;9;7.5;9;;;;;1.1;9;;;;;;;;;;;;;6.0;9;360;9;1806;9;;;;;;;;
91272001;GIF-SUR-YVETTE-INRAE;48.714333;2.151000;157;20240519;1.5;1;11.2;1;42;9;20.2;1;1548;9;15.0;1;15.7;1;9.0;1;8.4;9;9.9;9;;;;;1.0;9;;;;;;;;;;;;;6.0;9;360;9;1900;9;;;;;;;;
91272001;GIF-SUR-YVETTE-INRAE;48.714333;2.151000;157;20240520;3.0;1;10.0;1;406;9;21.5;1;1254;9;15.1;1;15.8;1;11.5;1;6.6;9;8.0;9;;;;;1.3;9;;;;;;;;;;;;;6.0;9;90;9;1436;9;;;;;;;;
91272001;GIF-SUR-YVETTE-INRAE;48.714333;2.151000;157;20240521;0.0;1;10.5;1;542;9;18.6;1;1330;9;14.2;1;14.6;1;8.1;1;8.4;9;9.9;9;;;;;1.4;9;;;;;;;;;;;;;7.0;9;180;9;1342;9;;;;;;;;
91272001;GIF-SUR-YVETTE-INRAE;48.714333;2.151000;157;20240522;1.0;1;12.1;1;500;9;19.7;1;1642;9;14.9;1;15.9;1;7.6;1;11.3;9;12.0;9;;;;;2.8;9;;;;;;;;;;;;;10.0;9;220;9;1242;9;;;;;;;;
91272001;GIF-SUR-YVETTE-INRAE;48.714333;2.151000;157;20240523;1.0;1;11.8;1;436;9;20.2;1;1354;9;14.7;1;16.0;1;8.4;1;8.1;9;11.4;9;;;;;1.4;9;;;;;;;;;;;;;7.0;9;180;9;1442;9;;;;;;;;
91272001;GIF-SUR-YVETTE-INRAE;48.714333;2.151000;157;20240524;0.0;1;9.7;1;130;9;19.6;1;1418;9;14.4;1;14.7;1;9.9;1;6.3;9;7.7;9;;;;;1.3;9;;;;;;;;;;;;;6.0;9;330;9;1442;9;;;;;;;;
91272001;GIF-SUR-YVETTE-INRAE;48.714333;2.151000;157;20240525;0.0;1;8.8;1;406;9;21.2;1;1554;9;15.8;1;15.0;1;12.4;1;4.5;9;6.6;9;;;;;1.3;9;;;;;;;;;;;;;6.0;9;70;9;1000;9;;;;;;;;
91272001;GIF-SUR-YVETTE-INRAE;48.714333;2.151000;157;20240526;0.5;1;14.4;1;348;9;21.9;1;1400;9;17.0;1;18.2;1;7.5;1;13.2;9;13.7;9;;;;;2.6;9;;;;;;;;;;;;;10.0;9;360;9;1506;9;;;;;;;;
91272001;GIF-SUR-YVETTE-INRAE;48.714333;2.151000;157;20240527;0.5;1;11.8;1;342;9;16.6;1;1554;9;13.7;1;14.2;1;4.8;1;8.4;9;10.2;9;;;;;1.9;9;;;;;;;;;;;;;10.0;9;360;9;1636;9;;;;;;;;
91272001;GIF-SUR-YVETTE-INRAE;48.714333;2.151000;157;20240528;6.0;1;10.1;1;400;9;16.5;1;1724;9;13.4;1;13.3;1;6.4;1;6.0;9;9.1;9;;;;;3.1;9;;;;;;;;;;;;;10.0;9;360;9;1600;9;;;;;;;;
91272001;GIF-SUR-YVETTE-INRAE;48.714333;2.151000;157;20240529;14.0;1;12.9;1;542;9;15.8;1;1806;9;14.3;1;14.4;1;2.9;1;12.6;9;12.5;9;;;;;2.6;9;;;;;;;;;;;;;8.0;9;90;9;1424;9;;;;;;;;
91272001;GIF-SUR-YVETTE-INRAE;48.714333;2.151000;157;20240530;1.5;1;11.8;1;100;9;16.8;1;1154;9;12.9;1;14.3;1;5.0;1;11.0;9;11.0;9;;;;;2.2;9;;;;;;;;;;;;;10.0;9;360;9;1230;9;;;;;;;;
91272001;GIF-SUR-YVETTE-INRAE;48.714333;2.151000;157;20240531;10.0;1;11.3;1;0;9;16.2;1;1130;9;12.8;1;13.8;1;4.9;1;9.5;9;10.0;9;;;;;2.3;9;;;;;;;;;;;;;8.0;9;360;9;1612;9;;;;;;;;
91272001;GIF-SUR-YVETTE-INRAE;48.714333;2.151000;157;20240601;2.0;1;11.9;1;506;9;13.3;1;1006;9;12.2;1;12.6;1;1.4;1;11.7;9;11.8;9;;;;;2.3;9;;;;;;;;;;;;;7.0;9;360;9;2036;9;;;;;;;;
91272001;GIF-SUR-YVETTE-INRAE;48.714333;2.151000;157;20240602;0.0;1;11.2;1;518;9;16.9;1;1530;9;13.1;1;14.1;1;5.7;1;11.1;9;11.2;9;;;;;2.2;9;;;;;;;;;;;;;7.0;9;360;9;500;9;;;;;;;;
91272001;GIF-SUR-YVETTE-INRAE;48.714333;2.151000;157;20240603;0.0;1;7.6;1;354;9;21.4;1;1700;9;15.2;1;14.5;1;13.8;1;5.0;9;6.3;9;;;;;1.2;9;;;;;;;;;;;;;4.0;9;340;9;1800;9;;;;;;;;
91272001;GIF-SUR-YVETTE-INRAE;48.714333;2.151000;157;20240604;0.0;1;11.2;1;424;9;22.9;1;1330;9;17.5;1;17.1;1;11.7;1;7.4;9;9.2;9;;;;;1.8;9;;;;;;;;;;;;;8.0;9;250;9;1430;9;;;;;;;;
91272001;GIF-SUR-YVETTE-INRAE;48.714333;2.151000;157;20240605;0.0;1;13.4;1;418;9;20.7;1;1642;9;15.9;1;17.1;1;7.3;1;11.9;9;13.0;9;;;;;2.0;9;;;;;;;;;;;;;8.0;9;60;9;1018;9;;;;;;;;
91272001;GIF-SUR-YVETTE-INRAE;48.714333;2.151000;157;20240606;0.0;1;7.6;1;306;9;20.8;1;1230;9;14.7;1;14.2;1;13.2;1;3.8;9;5.7;9;;;;;1.3;9;;;;;;;;;;;;;6.0;9;300;9;1536;9;;;;;;;;
91272001;GIF-SUR-YVETTE-INRAE;48.714333;2.151000;157;20240607;0.0;1;7.8;1;418;9;21.2;1;1654;9;15.3;1;14.5;1;13.4;1;3.3;9;5.7;9;;;;;1.5;9;;;;;;;;;;;;;7.0;9;310;9;1254;9;;;;;;;;
91272001;GIF-SUR-YVETTE-INRAE;48.714333;2.151000;157;20240608;0.0;1;9.5;1;412;9;21.6;1;1330;9;15.6;1;15.6;1;12.1;1;4.3;9;7.0;9;;;;;1.8;9;;;;;;;;;;;;;7.0;9;360;9;1730;9;;;;;;;;
91272001;GIF-SUR-YVETTE-INRAE;48.714333;2.151000;157;20240609;0.0;1;8.8;1;412;9;21.0;1;1530;9;15.0;1;14.9;1;12.2;1;4.5;9;6.7;9;;;;;2.4;9;;;;;;;;;;;;;8.0;9;360;9;1848;9;;;;;;;;
91272001;GIF-SUR-YVETTE-INRAE;48.714333;2.151000;157;20240610;1.5;1;8.8;1;342;9;17.9;1;1230;9;12.8;1;13.4;1;9.1;1;5.3;9;8.0;9;;;;;2.9;9;;;;;;;;;;;;;11.0;9;360;9;1242;9;;;;;;;;
91272001;GIF-SUR-YVETTE-INRAE;48.714333;2.151000;157;20240611;0.0;1;6.5;1;418;9;17.6;1;1348;9;12.4;1;12.1;1;11.1;1;1.6;9;3.9;9;;;;;1.8;9;;;;;;;;;;;;;10.0;9;360;9;1212;9;;;;;;;;
91272001;GIF-SUR-YVETTE-INRAE;48.714333;2.151000;157;20240612;0.0;1;6.8;1;348;9;17.5;1;1136;9;12.9;1;12.2;1;10.7;1;1.6;9;4.0;9;;;;;1.3;9;;;;;;;;;;;;;6.0;9;360;9;1436;9;;;;;;;;
91272001;GIF-SUR-YVETTE-INRAE;48.714333;2.151000;157;20240613;0.5;1;8.6;1;330;9;19.7;1;1442;9;15.0;1;14.2;1;11.1;1;3.0;9;5.8;9;;;;;2.3;9;;;;;;;;;;;;;8.0;9;360;9;2124;9;;;;;;;;
91272001;GIF-SUR-YVETTE-INRAE;48.714333;2.151000;157;20240614;2.0;1;11.4;1;418;9;21.6;1;1606;9;15.6;1;16.5;1;10.2;1;11.0;9;11.0;9;;;;;3.6;9;;;;;;;;;;;;;11.0;9;190;9;1548;9;;;;;;;;
91272001;GIF-SUR-YVETTE-INRAE;48.714333;2.151000;157;20240615;5.0;1;10.1;1;412;9;17.4;1;1112;9;13.7;1;13.8;1;7.3;1;8.9;9;9.8;9;;;;;4.7;9;;;;;;;;;;;;;13.0;9;360;9;1818;9;;;;;;;;
91272001;GIF-SUR-YVETTE-INRAE;48.714333;2.151000;157;20240616;1.5;1;11.8;1;600;9;18.1;1;1054;9;14.7;1;15.0;1;6.3;1;11.3;9;11.6;9;;;;;3.1;9;;;;;;;;;;;;;10.0;9;360;9;736;9;;;;;;;;
91272001;GIF-SUR-YVETTE-INRAE;48.714333;2.151000;157;20240617;4.5;1;13.6;1;400;9;23.5;1;1612;9;18.0;1;18.6;1;9.9;1;9.9;9;12.8;9;;;;;1.9;9;;;;;;;;;;;;;6.0;9;270;9;1554;9;;;;;;;;
91272001;GIF-SUR-YVETTE-INRAE;48.714333;2.151000;157;20240618;4.0;1;14.4;1;100;9;22.9;1;1506;9;18.5;1;18.7;1;8.5;1;10.8;9;12.8;9;;;;;2.0;9;;;;;;;;;;;;;6.0;9;360;9;2236;9;;;;;;;;
91272001;GIF-SUR-YVETTE-INRAE;48.714333;2.151000;157;20240619;0.0;1;15.5;1;700;9;20.1;1;1742;9;17.5;1;17.8;1;4.6;1;15.2;9;15.3;9;;;;;3.3;9;;;;;;;;;;;;;11.0;9;360;9;1012;9;;;;;;;;
91272001;GIF-SUR-YVETTE-INRAE;48.714333;2.151000;157;20240620;5.0;1;15.4;1;524;9;22.1;1;1548;9;18.3;1;18.8;1;6.7;1;13.9;9;14.7;9;;;;;1.9;9;;;;;;;;;;;;;8.0;9;360;9;36;9;;;;;;;;
91272001;GIF-SUR-YVETTE-INRAE;48.714333;2.151000;157;20240621;9.0;1;15.7;1;654;9;23.0;1;1648;9;18.3;1;19.4;1;7.3;1;14.8;9;15.5;9;;;;;1.8;9;;;;;;;;;;;;;9.0;9;360;9;2354;9;;;;;;;;
91272001;GIF-SUR-YVETTE-INRAE;48.714333;2.151000;157;20240622;4.0;1;12.3;1;454;9;20.2;1;1548;9;15.8;1;16.3;1;7.9;1;12.1;9;11.9;9;;;;;2.7;9;;;;;;;;;;;;;8.0;9;330;9;1536;9;;;;;;;;
91272001;GIF-SUR-YVETTE-INRAE;48.714333;2.151000;157;20240623;0.0;1;11.0;1;412;9;23.4;1;1706;9;17.5;1;17.2;1;12.4;1;7.4;9;9.2;9;;;;;1.1;9;;;;;;;;;;;;;4.0;9;360;9;1836;9;;;;;;;;
91272001;GIF-SUR-YVETTE-INRAE;48.714333;2.151000;157;20240624;0.0;1;13.4;1;354;9;26.9;1;1654;9;21.1;1;20.2;1;13.5;1;8.9;9;11.2;9;;;;;1.6;9;;;;;;;;;;;;;6.0;9;40;9;1548;9;;;;;;;;
91272001;GIF-SUR-YVETTE-INRAE;48.714333;2.151000;157;20240625;0.0;1;16.7;1;354;9;29.3;1;1536;9;23.9;1;23.0;1;12.6;1;13.4;9;15.0;9;;;;;2.0;9;;;;;;;;;;;;;6.0;9;30;9;1418;9;;;;;;;;
91272001;GIF-SUR-YVETTE-INRAE;48.714333;2.151000;157;20240626;0.0;1;17.7;1;406;9;30.8;1;1518;9;24.6;1;24.3;1;13.1;1;15.0;9;16.3;9;;;;;1.5;9;;;;;;;;;;;;;6.0;9;300;9;1018;9;;;;;;;;
91272001;GIF-SUR-YVETTE-INRAE;48.714333;2.151000;157;20240627;0.0;1;18.0;1;348;9;29.7;1;1100;9;23.2;1;23.9;1;11.7;1;14.6;9;16.0;9;;;;;2.2;9;;;;;;;;;;;;;9.0;9;290;9;1200;9;;;;;;;;
91272001;GIF-SUR-YVETTE-INRAE;48.714333;2.151000;157;20240628;0.0;1;13.7;1;512;9;23.3;1;1712;9;18.3;1;18.5;1;9.6;1;12.9;9;13.4;9;;;;;2.2;9;;;;;;;;;;;;;7.0;9;360;9;700;9;;;;;;;;
91272001;GIF-SUR-YVETTE-INRAE;48.714333;2.151000;157;20240629;2.5;1;13.9;1;424;9;23.5;1;1330;9;18.3;1;18.7;1;9.6;1;12.7;9;13.2;9;;;;;3.4;9;;;;;;;;;;;;;10.0;9;360;9;1454;9;;;;;;;;
91272001;GIF-SUR-YVETTE-INRAE;48.714333;2.151000;157;20240630;1.5;1;13.5;1;524;9;22.4;1;1436;9;18.2;1;18.0;1;8.9;1;13.3;9;13.1;9;;;;;2.1;9;;;;;;;;;;;;;6.0;9;360;9;300;9;;;;;;;;
91272001;GIF-SUR-YVETTE-INRAE;48.714333;2.151000;157;20240701;0.0;1;13.3;1;506;9;19.8;1;1654;9;16.7;1;16.6;1;6.5;1;12.5;9;13.2;9;;;;;2.6;9;;;;;;;;;;;;;9.0;9;330;9;1142;9;;;;;;;;
91272001;GIF-SUR-YVETTE-INRAE;48.714333;2.151000;157;20240702;0.0;1;13.5;1;430;9;21.4;1;1636;9;16.4;1;17.5;1;7.9;1;12.8;9;13.0;9;;;;;2.3;9;;;;;;;;;;;;;8.0;9;330;9;1648;9;;;;;;;;
91272001;GIF-SUR-YVETTE-INRAE;48.714333;2.151000;157;20240703;1.5;1;11.2;1;436;9;20.1;1;1512;9;16.0;1;15.7;1;8.9;1;10.3;9;10.9;9;;;;;2.4;9;;;;;;;;;;;;;8.0;9;330;9;1630;9;;;;;;;;
91272001;GIF-SUR-YVETTE-INRAE;48.714333;2.151000;157;20240704;0.0;1;13.4;1;500;9;21.7;1;1506;9;17.3;1;17.6;1;8.3;1;12.5;9;12.8;9;;;;;3.1;9;;;;;;;;;;;;;10.0;9;360;9;400;9;;;;;;;;
91272001;GIF-SUR-YVETTE-INRAE;48.714333;2.151000;157;20240705;0.0;1;11.3;1;424;9;25.2;1;1648;9;18.9;1;18.3;1;13.9;1;7.5;9;9.8;9;;;;;2.2;9;;;;;;;;;;;;;8.0;9;230;9;1130;9;;;;;;;;
91272001;GIF-SUR-YVETTE-INRAE;48.714333;2.151000;157;20240706;0.5;1;13.8;1;812;9;21.1;1;1348;9;16.5;1;17.5;1;7.3;1;12.4;9;13.4;9;;;;;3.0;9;;;;;;;;;;;;;10.0;9;320;9;1706;9;;;;;;;;
91272001;GIF-SUR-YVETTE-INRAE;48.714333;2.151000;157;20240707;0.0;1;8.6;1;406;9;20.8;1;1324;9;15.5;1;14.7;1;12.2;1;4.0;9;6.7;9;;;;;1.8;9;;;;;;;;;;;;;8.0;9;220;9;1330;9;;;;;;;;
91272001;GIF-SUR-YVETTE-INRAE;48.714333;2.151000;157;20240708;0.0;1;10.4;1;406;9;24.8;1;1642;9;18.6;1;17.6;1;14.4;1;6.1;9;8.4;9;;;;;1.1;9;;;;;;;;;;;;;5.0;9;130;9;1412;9;;;;;;;;
91272001;GIF-SUR-YVETTE-INRAE;48.714333;2.151000;157;20240709;0.5;1;15.0;1;418;9;23.9;2;1748;9;20.4;1;19.5;2;8.9;2;11.7;9;13.6;9;;;;;1.7;9;;;;;;;;;;;;;8.0;9;320;9;1130;9;;;;;;;;
91272001;GIF-SUR-YVETTE-INRAE;48.714333;2.151000;157;20240710;0.0;1;17.5;1;306;9;25.3;1;1506;9;20.5;1;21.4;1;7.8;1;16.2;9;16.9;9;;;;;2.2;9;;;;;;;;;;;;;8.0;9;250;9;1530;9;;;;;;;;
91272001;GIF-SUR-YVETTE-INRAE;48.714333;2.151000;157;20240711;14.0;1;14.7;1;400;9;24.5;1;1230;9;19.5;1;19.6;1;9.8;1;10.6;9;12.8;9;;;;;1.8;9;;;;;;;;;;;;;9.0;9;70;9;1124;9;;;;;;;;
91272001;GIF-SUR-YVETTE-INRAE;48.714333;2.151000;157;20240712;1.5;1;13.2;1;742;9;19.3;1;1412;9;15.4;1;16.3;1;6.1;1;13.3;9;13.1;9;;;;;2.8;9;;;;;;;;;;;;;8.0;9;10;9;1442;9;;;;;;;;
91272001;GIF-SUR-YVETTE-INRAE;48.714333;2.151000;157;20240713;0.0;1;11.7;1;418;9;22.2;1;1430;9;16.3;1;17.0;1;10.5;1;7.9;9;10.3;9;;;;;1.4;9;;;;;;;;;;;;;7.0;9;210;9;1500;9;;;;;;;;
91272001;GIF-SUR-YVETTE-INRAE;48.714333;2.151000;157;20240714;0.0;1;10.8;1;406;9;22.7;1;1754;9;17.5;1;16.8;1;11.9;1;6.5;9;8.6;9;;;;;0.8;9;;;;;;;;;;;;;6.0;9;180;9;900;9;;;;;;;;
91272001;GIF-SUR-YVETTE-INRAE;48.714333;2.151000;157;20240715;1.0;1;11.4;1;348;9;25.9;1;1612;9;19.9;1;18.7;1;14.5;1;7.5;9;9.6;9;;;;;2.0;9;;;;;;;;;;;;;8.0;9;30;9;2006;9;;;;;;;;
91272001;GIF-SUR-YVETTE-INRAE;48.714333;2.151000;157;20240716;0.0;1;14.5;1;336;9;22.8;1;1500;9;18.1;1;18.7;1;8.3;1;13.2;9;14.0;9;;;;;2.7;9;;;;;;;;;;;;;10.0;9;250;9;1142;9;;;;;;;;
91272001;GIF-SUR-YVETTE-INRAE;48.714333;2.151000;157;20240717;0.0;1;11.7;1;412;9;26.2;1;1600;9;19.2;1;19.0;1;14.5;1;6.9;9;9.6;9;;;;;0.9;9;;;;;;;;;;;;;5.0;9;340;9;1430;9;;;;;;;;
91272001;GIF-SUR-YVETTE-INRAE;48.714333;2.151000;157;20240718;0.0;1;14.7;1;330;9;29.4;1;1442;9;22.4;1;22.1;1;14.7;1;10.1;9;12.5;9;;;;;1.0;9;;;;;;;;;;;;;6.0;9;90;9;1136;9;;;;;;;;
91272001;GIF-SUR-YVETTE-INRAE;48.714333;2.151000;157;20240719;0.0;1;17.2;1;436;9;32.8;1;1530;9;25.8;1;25.0;1;15.6;1;12.9;9;15.2;9;;;;;1.2;9;;;;;;;;;;;;;5.0;9;120;9;1700;9;;;;;;;;
91272001;GIF-SUR-YVETTE-INRAE;48.714333;2.151000;157;20240720;3.5;1;17.6;1;430;9;30.5;1;1254;9;24.3;1;24.1;1;12.9;1;13.0;9;16.0;9;;;;;1.6;9;;;;;;;;;;;;;7.0;9;330;9;2218;9;;;;;;;;
91272001;GIF-SUR-YVETTE-INRAE;48.714333;2.151000;157;20240721;0.0;1;18.9;1;454;9;25.8;1;1400;9;20.7;1;22.4;1;6.9;1;17.4;9;18.5;9;;;;;2.4;9;;;;;;;;;;;;;8.0;9;300;9;1830;9;;;;;;;;
91272001;GIF-SUR-YVETTE-INRAE;48.714333;2.151000;157;20240722;0.5;1;12.5;1;430;9;24.9;1;1454;9;19.0;1;18.7;1;12.4;1;8.8;9;11.5;9;;;;;1.9;9;;;;;;;;;;;;;7.0;9;290;9;1054;9;;;;;;;;
91272001;GIF-SUR-YVETTE-INRAE;48.714333;2.151000;157;20240723;2.0;1;17.6;1;336;9;22.7;1;1418;9;18.8;1;20.2;1;5.1;1;15.9;9;16.9;9;;;;;2.5;9;;;;;;;;;;;;;8.0;9;300;9;1630;9;;;;;;;;
91272001;GIF-SUR-YVETTE-INRAE;48.714333;2.151000;157;20240724;0.0;1;12.4;1;454;9;24.9;1;1542;9;19.0;1;18.7;1;12.5;1;9.5;9;10.9;9;;;;;1.0;9;;;;;;;;;;;;;4.0;9;20;9;1524;9;;;;;;;;
91272001;GIF-SUR-YVETTE-INRAE;48.714333;2.151000;157;20240725;2.5;1;16.8;1;348;9;28.1;1;1430;9;22.2;1;22.5;1;11.3;1;14.8;9;15.8;9;;;;;1.6;9;;;;;;;;;;;;;6.0;9;320;9;1824;9;;;;;;;;
91272001;GIF-SUR-YVETTE-INRAE;48.714333;2.151000;157;20240726;15.0;1;17.8;1;836;9;21.5;1;1430;9;19.4;1;19.7;1;3.7;1;17.9;9;17.5;9;;;;;1.1;9;;;;;;;;;;;;;4.0;9;310;9;900;9;;;;;;;;
91272001;GIF-SUR-YVETTE-INRAE;48.714333;2.151000;157;20240727;6.5;1;15.9;1;506;9;18.2;1;1830;9;16.9;1;17.1;1;2.3;1;16.0;9;15.8;9;;;;;1.3;9;;;;;;;;;;;;;4.0;9;20;9;1412;9;;;;;;;;
91272001;GIF-SUR-YVETTE-INRAE;48.714333;2.151000;157;20240728;0.0;1;10.5;1;448;9;24.0;1;1454;9;17.9;1;17.3;1;13.5;1;7.1;9;8.8;9;;;;;1.8;9;;;;;;;;;;;;;7.0;9;90;9;1618;9;;;;;;;;
91272001;GIF-SUR-YVETTE-INRAE;48.714333;2.151000;157;20240729;0.0;1;14.1;1;412;9;30.1;1;1548;9;22.4;1;22.1;1;16.0;1;10.3;9;12.2;9;;;;;1.8;9;;;;;;;;;;;;;6.0;9;100;9;1712;9;;;;;;;;
91272001;GIF-SUR-YVETTE-INRAE;48.714333;2.151000;157;20240730;6.5;1;18.7;1;442;9;35.3;1;1624;9;27.1;1;27.0;1;16.6;1;16.5;9;17.5;9;;;;;0.9;9;;;;;;;;;;;;;7.0;9;270;9;2136;9;;;;;;;;
91272001;GIF-SUR-YVETTE-INRAE;48.714333;2.151000;157;20240731;13.5;1;20.0;1;518;9;30.6;1;1254;9;24.7;1;25.3;1;10.6;1;19.4;9;19.4;9;;;;;1.2;9;;;;;;;;;;;;;7.0;9;220;9;100;9;;;;;;;;
91272001;GIF-SUR-YVETTE-INRAE;48.714333;2.151000;157;20240801;8.5;1;18.4;1;454;9;29.5;1;1442;9;23.5;1;24.0;1;11.1;1;17.5;9;17.4;9;;;;;1.7;9;;;;;;;;;;;;;9.0;9;310;9;400;9;;;;;;;;
91272001;GIF-SUR-YVETTE-INRAE;48.714333;2.151000;157;20240802;0.0;1;18.8;1;618;9;26.5;1;1436;9;21.5;1;22.7;1;7.7;1;16.4;9;17.6;9;;;;;1.9;9;;;;;;;;;;;;;6.0;9;310;9;1824;9;;;;;;;;
91272001;GIF-SUR-YVETTE-INRAE;48.714333;2.151000;157;20240803;0.5;1;13.8;1;412;9;23.9;1;1530;9;18.8;1;18.9;1;10.1;1;11.6;9;12.9;9;;;;;1.2;9;;;;;;;;;;;;;6.0;9;220;9;1254;9;;;;;;;;
91272001;GIF-SUR-YVETTE-INRAE;48.714333;2.151000;157;20240804;0.0;1;15.8;1;548;9;23.4;1;1624;9;19.1;1;19.6;1;7.6;1;15.8;9;15.7;9;;;;;1.4;9;;;;;;;;;;;;;6.0;9;300;9;136;9;;;;;;;;
91272001;GIF-SUR-YVETTE-INRAE;48.714333;2.151000;157;20240805;0.0;1;13.3;1;336;9;28.2;1;1442;9;21.4;1;20.8;1;14.9;1;9.7;9;11.5;9;;;;;1.1;9;;;;;;;;;;;;;8.0;9;210;9;1442;9;;;;;;;;
91272001;GIF-SUR-YVETTE-INRAE;48.714333;2.151000;157;20240806;0.0;1;13.4;1;430;9;27.8;1;1512;9;21.3;1;20.6;1;14.4;1;9.9;9;11.4;9;;;;;1.6;9;;;;;;;;;;;;;8.0;9;180;9;1148;9;;;;;;;;
91272001;GIF-SUR-YVETTE-INRAE;48.714333;2.151000;157;20240807;0.0;1;14.7;1;442;9;23.3;1;1512;9;18.7;1;19.0;1;8.6;1;14.7;9;14.4;9;;;;;1.8;9;;;;;;;;;;;;;6.0;9;300;9;1524;9;;;;;;;;
91272001;GIF-SUR-YVETTE-INRAE;48.714333;2.151000;157;20240808;0.0;1;14.3;1;500;9;26.8;1;1618;9;21.0;1;20.6;1;12.5;1;11.0;9;12.6;9;;;;;1.2;9;;;;;;;;;;;;;7.0;9;180;9;1254;9;;;;;;;;
91272001;GIF-SUR-YVETTE-INRAE;48.714333;2.151000;157;20240809;0.0;1;16.6;1;506;9;25.7;1;1600;9;21.0;1;21.2;1;9.1;1;14.5;9;16.0;9;;;;;1.5;9;;;;;;;;;;;;;6.0;9;360;9;1800;9;;;;;;;;
91272001;GIF-SUR-YVETTE-INRAE;48.714333;2.151000;157;20240810;0.0;1;14.2;1;454;9;28.0;1;1654;9;21.4;1;21.1;1;13.8;1;10.3;9;12.1;9;;;;;0.9;9;;;;;;;;;;;;;4.0;9;280;9;1454;9;;;;;;;;
91272001;GIF-SUR-YVETTE-INRAE;48.714333;2.151000;157;20240811;0.0;1;16.4;1;400;9;30.6;1;1654;9;24.4;1;23.5;1;14.2;1;11.9;9;13.8;9;;;;;1.9;9;;;;;;;;;;;;;8.0;9;100;9;1336;9;;;;;;;;
91272001;GIF-SUR-YVETTE-INRAE;48.714333;2.151000;157;20240812;0.0;1;20.5;1;406;9;36.4;1;1348;9;28.0;1;28.5;1;15.9;1;17.2;9;18.9;9;;;;;2.1;9;;;;;;;;;;;;;8.0;9;180;9;1306;9;;;;;;;;
91272001;GIF-SUR-YVETTE-INRAE;48.714333;2.151000;157;20240813;0.0;1;18.6;1;448;9;25.1;1;1530;9;21.6;1;21.9;1;6.5;1;17.4;9;18.0;9;;;;;1.1;9;;;;;;;;;;;;;4.0;9;20;9;730;9;;;;;;;;
91272001;GIF-SUR-YVETTE-INRAE;48.714333;2.151000;157;20240814;0.0;1;19.0;1;530;9;26.7;1;1512;9;22.0;1;22.9;1;7.7;1;17.2;9;18.4;9;;;;;1.2;9;;;;;;;;;;;;;6.0;9;360;9;1700;9;;;;;;;;
91272001;GIF-SUR-YVETTE-INRAE;48.714333;2.151000;157;20240815;0.0;1;17.0;1;518;9;26.0;1;1518;9;21.2;1;21.5;1;9.0;1;15.6;9;16.2;9;;;;;1.6;9;;;;;;;;;;;;;6.0;9;300;9;1536;9;;;;;;;;
91272001;GIF-SUR-YVETTE-INRAE;48.714333;2.151000;157;20240816;3.5;1;16.0;1;318;9;25.4;1;1236;9;20.9;1;20.7;1;9.4;1;12.9;9;15.1;9;;;;;1.6;9;;;;;;;;;;;;;6.0;9;360;9;1630;9;;;;;;;;
91272001;GIF-SUR-YVETTE-INRAE;48.714333;2.151000;157;20240817;47.0;1;18.4;1;700;9;19.9;1;948;9;18.6;1;19.2;1;1.5;1;17.9;9;18.1;9;;;;;1.3;9;;;;;;;;;;;;;6.0;9;360;9;2342;9;;;;;;;;
91272001;GIF-SUR-YVETTE-INRAE;48.714333;2.151000;157;20240818;0.0;1;12.5;1;600;9;19.6;1;1248;9;15.8;1;16.1;1;7.1;1;12.2;9;12.3;9;;;;;2.0;9;;;;;;;;;;;;;8.0;9;310;9;1012;9;;;;;;;;
91272001;GIF-SUR-YVETTE-INRAE;48.714333;2.151000;157;20240819;0.5;1;9.9;1;412;9;22.7;1;1542;9;16.4;1;16.3;1;12.8;1;6.7;9;8.2;9;;;;;0.7;9;;;;;;;;;;;;;6.0;9;230;9;1242;9;;;;;;;;
91272001;GIF-SUR-YVETTE-INRAE;48.714333;2.151000;157;20240820;8.0;1;13.3;1;418;9;23.4;1;1318;9;16.8;1;18.4;1;10.1;1;8.9;9;11.0;9;;;;;1.6;9;;;;;;;;;;;;;8.0;9;360;9;1706;9;;;;;;;;
91272001;GIF-SUR-YVETTE-INRAE;48.714333;2.151000;157;20240821;0.0;1;10.3;1;512;9;21.0;1;1500;9;15.2;1;15.7;1;10.7;1;7.2;9;9.5;9;;;;;1.0;9;;;;;;;;;;;;;4.0;9;300;9;1618;9;;;;;;;;
91272001;GIF-SUR-YVETTE-INRAE;48.714333;2.151000;157;20240822;0.0;1;11.0;1;400;9;24.5;1;1542;9;18.2;1;17.8;1;13.5;1;7.2;9;8.8;9;;;;;1.8;9;;;;;;;;;;;;;8.0;9;170;9;1306;9;;;;;;;;
91272001;GIF-SUR-YVETTE-INRAE;48.714333;2.151000;157;20240823;0.0;1;15.0;1;212;9;24.5;1;1500;9;20.3;1;19.8;1;9.5;1;12.6;9;14.5;9;;;;;2.7;9;;;;;;;;;;;;;9.0;9;240;9;1100;9;;;;;;;;
91272001;GIF-SUR-YVETTE-INRAE;48.714333;2.151000;157;20240824;3.0;1;17.1;1;1754;9;28.4;1;1254;9;20.0;1;22.8;1;11.3;1;16.0;9;16.0;9;;;;;2.8;9;;;;;;;;;;;;;11.0;9;300;9;1542;9;;;;;;;;
91272001;GIF-SUR-YVETTE-INRAE;48.714333;2.151000;157;20240825;0.0;1;10.0;1;406;9;21.8;1;1512;9;15.3;1;15.9;1;11.8;1;7.2;9;9.0;9;;;;;1.1;9;;;;;;;;;;;;;6.0;9;320;9;1342;9;;;;;;;;
91272001;GIF-SUR-YVETTE-INRAE;48.714333;2.151000;157;20240826;0.5;1;9.3;1;454;9;23.1;1;1736;9;16.6;1;16.2;1;13.8;1;5.5;9;7.3;9;;;;;0.8;9;;;;;;;;;;;;;5.0;9;300;9;1242;9;;;;;;;;
91272001;GIF-SUR-YVETTE-INRAE;48.714333;2.151000;157;20240827;0.0;1;11.0;1;442;9;26.4;1;1542;9;18.5;1;18.7;1;15.4;1;6.7;9;8.5;9;;;;;1.0;9;;;;;;;;;;;;;6.0;9;120;9;1106;9;;;;;;;;
91272001;GIF-SUR-YVETTE-INRAE;48.714333;2.151000;157;20240828;0.0;1;12.7;1;454;9;30.6;1;1424;9;22.3;1;21.7;1;17.9;1;7.8;9;10.1;9;;;;;1.4;9;;;;;;;;;;;;;6.0;9;180;9;1436;9;;;;;;;;
91272001;GIF-SUR-YVETTE-INRAE;48.714333;2.151000;157;20240829;0.0;1;15.4;1;512;9;24.2;1;1306;9;19.7;1;19.8;1;8.8;1;13.9;9;14.7;9;;;;;1.8;9;;;;;;;;;;;;;5.0;9;360;9;2236;9;;;;;;;;
91272001;GIF-SUR-YVETTE-INRAE;48.714333;2.151000;157;20240830;11.5;1;14.9;1;548;9;17.9;2;1436;9;16.4;1;16.4;2;3.0;2;13.4;9;13.5;9;;;;;1.8;9;;;;;;;;;;;;;6.0;9;360;9;1012;9;;;;;;;;
91272001;GIF-SUR-YVETTE-INRAE;48.714333;2.151000;157;20240831;1.5;1;14.8;1;506;9;22.7;1;1536;9;18.6;1;18.8;1;7.9;1;14.0;9;14.4;9;;;;;1.4;9;;;;;;;;;;;;;6.0;9;360;9;1124;9;;;;;;;;
91272001;GIF-SUR-YVETTE-INRAE;48.714333;2.151000;157;20240901;0.5;1;17.6;1;12;9;26.5;1;1312;9;21.7;1;22.1;1;8.9;1;14.0;9;15.6;9;;;;;1.6;9;;;;;;;;;;;;;8.0;9;180;9;1242;9;;;;;;;;
91272001;GIF-SUR-YVETTE-INRAE;48.714333;2.151000;157;20240902;0.5;1;16.0;1;536;9;24.1;1;1412;9;19.5;1;20.1;1;8.1;1;11.9;9;14.8;9;;;;;1.2;9;;;;;;;;;;;;;6.0;9;170;9;1412;9;;;;;;;;
91272001;GIF-SUR-YVETTE-INRAE;48.714333;2.151000;157;20240903;2.0;1;16.5;1;842;9;20.2;1;1330;9;18.1;1;18.4;1;3.7;1;15.9;9;16.3;9;;;;;1.2;9;;;;;;;;;;;;;5.0;9;360;9;842;9;;;;;;;;
91272001;GIF-SUR-YVETTE-INRAE;48.714333;2.151000;157;20240904;8.5;1;14.9;1;606;9;21.1;1;1242;9;17.5;1;18.0;1;6.2;1;13.9;9;14.3;9;;;;;1.3;9;;;;;;;;;;;;;5.0;9;360;9;2254;9;;;;;;;;
91272001;GIF-SUR-YVETTE-INRAE;48.714333;2.151000;157;20240905;14.5;1;13.8;1;800;9;16.9;1;1618;9;14.4;1;15.4;1;3.1;1;13.7;9;13.6;9;;;;;1.4;9;;;;;;;;;;;;;8.0;9;360;9;736;9;;;;;;;;
91272001;GIF-SUR-YVETTE-INRAE;48.714333;2.151000;157;20240906;3.5;1;10.1;1;500;9;21.9;1;1448;9;16.5;1;16.0;1;11.8;1;6.4;9;7.9;9;;;;;1.3;9;;;;;;;;;;;;;6.0;9;360;9;1642;9;;;;;;;;
91272001;GIF-SUR-YVETTE-INRAE;48.714333;2.151000;157;20240907;1.0;1;15.2;1;254;9;20.6;1;1318;9;17.1;1;17.9;1;5.4;1;11.9;9;13.6;9;;;;;1.6;9;;;;;;;;;;;;;6.0;9;360;9;2130;9;;;;;;;;
91272001;GIF-SUR-YVETTE-INRAE;48.714333;2.151000;157;20240908;9.5;1;12.6;1;448;9;20.1;1;1406;9;15.4;1;16.4;1;7.5;1;10.5;9;12.0;9;;;;;2.5;9;;;;;;;;;;;;;8.0;9;180;9;1342;9;;;;;;;;
91272001;GIF-SUR-YVETTE-INRAE;48.714333;2.151000;157;20240909;1.0;1;13.8;1;242;9;16.3;1;1054;9;14.7;1;15.1;1;2.5;1;12.1;9;13.2;9;;;;;2.3;9;;;;;;;;;;;;;8.0;9;360;9;1130;9;;;;;;;;
91272001;GIF-SUR-YVETTE-INRAE;48.714333;2.151000;157;20240910;2.5;1;10.0;1;530;9;17.0;1;1142;9;13.9;1;13.5;1;7.0;1;8.3;9;9.1;9;;;;;2.2;9;;;;;;;;;;;;;8.0;9;360;9;2148;9;;;;;;;;
91272001;GIF-SUR-YVETTE-INRAE;48.714333;2.151000;157;20240911;0.0;1;11.1;1;700;9;16.5;1;1400;9;12.6;1;13.8;1;5.4;1;8.7;9;10.7;9;;;;;1.9;9;;;;;;;;;;;;;9.0;9;360;9;300;9;;;;;;;;
91272001;GIF-SUR-YVETTE-INRAE;48.714333;2.151000;157;20240912;2.5;1;6.4;1;524;9;15.1;1;1148;9;10.1;1;10.8;1;8.7;1;3.4;9;4.8;9;;;;;1.3;9;;;;;;;;;;;;;9.0;9;360;9;1354;9;;;;;;;;
91272001;GIF-SUR-YVETTE-INRAE;48.714333;2.151000;157;20240913;0.0;1;5.0;1;448;9;16.5;1;1336;9;10.4;1;10.8;1;11.5;1;2.3;9;3.1;9;;;;;1.7;9;;;;;;;;;;;;;8.0;9;360;9;1442;9;;;;;;;;
91272001;GIF-SUR-YVETTE-INRAE;48.714333;2.151000;157;20240914;0.0;1;4.9;1;412;9;17.0;1;1430;9;10.8;1;11.0;1;12.1;1;1.0;9;2.6;9;;;;;0.8;9;;;;;;;;;;;;;5.0;9;360;9;1348;9;;;;;;;;
91272001;GIF-SUR-YVETTE-INRAE;48.714333;2.151000;157;20240915;0.0;1;4.7;1;448;9;18.8;1;1454;9;12.4;1;11.8;1;14.1;1;0.7;9;2.0;9;;;;;0.8;9;;;;;;;;;;;;;7.0;9;360;9;1254;9;;;;;;;;
91272001;GIF-SUR-YVETTE-INRAE;48.714333;2.151000;157;20240916;0.0;1;9.8;1;230;9;19.4;1;1536;9;14.8;1;14.6;1;9.6;1;6.3;9;7.9;9;;;;;1.7;9;;;;;;;;;;;;;6.0;9;360;9;2300;9;;;;;;;;
91272001;GIF-SUR-YVETTE-INRAE;48.714333;2.151000;157;20240917;0.0;1;12.6;1;548;9;20.3;1;1530;9;15.6;1;16.5;1;7.7;1;11.6;9;12.1;9;;;;;2.8;9;;;;;;;;;;;;;8.0;9;60;9;1512;9;;;;;;;;
91272001;GIF-SUR-YVETTE-INRAE;48.714333;2.151000;157;20240918;0.5;1;12.9;1;554;9;23.2;1;1418;9;17.9;1;18.1;1;10.3;1;11.8;9;12.3;9;;;;;2.4;9;;;;;;;;;;;;;8.0;9;80;9;1406;9;;;;;;;;
91272001;GIF-SUR-YVETTE-INRAE;48.714333;2.151000;157;20240919;0.0;1;14.1;1;542;9;24.5;1;1354;9;18.7;1;19.3;1;10.4;1;12.6;9;13.3;9;;;;;2.4;9;;;;;;;;;;;;;9.0;9;90;9;1430;9;;;;;;;;
91272001;GIF-SUR-YVETTE-INRAE;48.714333;2.151000;157;20240920;2.0;1;11.5;1;524;9;23.1;1;1454;9;16.3;1;17.3;1;11.6;1;6.7;9;9.1;9;;;;;1.2;9;;;;;;;;;;;;;7.0;9;90;9;1242;9;;;;;;;;
91272001;GIF-SUR-YVETTE-INRAE;48.714333;2.151000;157;20240921;4.0;1;12.4;1;130;9;21.9;1;1400;9;17.8;1;17.2;1;9.5;1;8.3;9;10.1;9;;;;;1.6;9;;;;;;;;;;;;;6.0;9;130;9;1354;9;;;;;;;;
91272001;GIF-SUR-YVETTE-INRAE;48.714333;2.151000;157;20240922;17.0;1;15.9;1;500;9;18.6;1;1318;9;16.4;1;17.3;1;2.7;1;14.7;9;15.1;9;;;;;1.6;9;;;;;;;;;;;;;5.0;9;120;9;1524;9;;;;;;;;
91272001;GIF-SUR-YVETTE-INRAE;48.714333;2.151000;157;20240923;9.0;1;13.8;1;1754;9;18.1;1;1124;9;14.5;1;16.0;1;4.3;1;12.5;9;12.9;9;;;;;2.0;9;;;;;;;;;;;;;6.0;9;360;9;2318;9;;;;;;;;
91272001;GIF-SUR-YVETTE-INRAE;48.714333;2.151000;157;20240924;0.5;1;13.2;1;636;9;16.3;1;1412;9;14.3;1;14.8;1;3.1;1;11.1;9;12.0;9;;;;;1.9;9;;;;;;;;;;;;;8.0;9;20;9;1236;9;;;;;;;;
91272001;GIF-SUR-YVETTE-INRAE;48.714333;2.151000;157;20240925;22.5;1;12.2;1;612;9;15.6;1;136;9;14.2;1;13.9;1;3.4;1;10.7;9;12.0;9;;;;;2.1;9;;;;;;;;;;;;;8.0;9;90;9;2042;9;;;;;;;;
91272001;GIF-SUR-YVETTE-INRAE;48.714333;2.151000;157;20240926;12.5;1;13.8;1;1400;9;18.8;1;1148;9;15.0;1;16.3;1;5.0;1;13.4;9;13.2;9;;;;;2.9;9;;;;;;;;;;;;;9.0;9;220;9;1154;9;;;;;;;;
91272001;GIF-SUR-YVETTE-INRAE;48.714333;2.151000;157;20240927;4.0;1;10.5;1;442;9;15.3;1;1054;9;12.0;1;12.9;1;4.8;1;9.3;9;10.0;9;;;;;2.5;9;;;;;;;;;;;;;10.0;9;360;9;1218;9;;;;;;;;
91272001;GIF-SUR-YVETTE-INRAE;48.714333;2.151000;157;20240928;0.5;1;6.1;1;554;9;14.1;1;1512;9;9.1;1;10.1;1;8.0;1;1.5;9;4.1;9;;;;;0.8;9;;;;;;;;;;;;;4.0;9;360;9;1324;9;;;;;;;;
91272001;GIF-SUR-YVETTE-INRAE;48.714333;2.151000;157;20240929;0.5;1;3.6;1;548;9;13.5;1;554;9;8.8;1;8.6;1;9.9;1;-0.2;9;1.2;9;;;;;1.7;9;;;;;;;;;;;;;7.0;9;360;9;2354;9;;;;;;;;
91272001;GIF-SUR-YVETTE-INRAE;48.714333;2.151000;157;20240930;0.5;1;10.9;1;6;9;17.0;1;1124;9;14.0;1;14.0;1;6.1;1;9.5;9;10.0;9;;;;;2.8;9;;;;;;;;;;;;;9.0;9;90;9;536;9;;;;;;;;
91272001;GIF-SUR-YVETTE-INRAE;48.714333;2.151000;157;20241001;0.0;1;10.7;1;542;9;17.6;1;1554;9;13.1;1;14.2;1;6.9;1;7.4;9;9.5;9;;;;;1.5;9;;;;;;;;;;;;;6.0;9;90;9;1136;9;;;;;;;;
91272001;GIF-SUR-YVETTE-INRAE;48.714333;2.151000;157;20241002;2.0;1;11.2;1;1754;9;13.9;1;942;9;12.3;1;12.6;1;2.7;1;5.9;9;8.2;9;;;;;1.8;9;;;;;;;;;;;;;6.0;9;360;9;2142;9;;;;;;;;
91272001;GIF-SUR-YVETTE-INRAE;48.714333;2.151000;157;20241003;0.5;1;9.4;1;1754;9;13.6;1;1348;9;10.4;1;11.5;1;4.2;1;6.1;9;7.9;9;;;;;1.7;9;;;;;;;;;;;;;6.0;9;360;9;1400;9;;;;;;;;
91272001;GIF-SUR-YVETTE-INRAE;48.714333;2.151000;157;20241004;0.0;1;5.3;1;154;9;15.7;1;1500;9;9.7;1;10.5;1;10.4;1;0.1;9;2.8;9;;;;;0.9;9;;;;;;;;;;;;;5.0;9;360;9;1506;9;;;;;;;;
91272001;GIF-SUR-YVETTE-INRAE;48.714333;2.151000;157;20241005;0.0;1;4.3;1;418;9;16.1;1;1418;9;10.5;1;10.2;1;11.8;1;-0.3;9;1.4;9;;;;;1.9;9;;;;;;;;;;;;;7.0;9;360;9;1530;9;;;;;;;;
91272001;GIF-SUR-YVETTE-INRAE;48.714333;2.151000;157;20241006;2.5;1;9.4;1;548;9;16.7;1;1600;9;13.0;1;13.1;1;7.3;1;8.0;9;8.7;9;;;;;2.6;9;;;;;;;;;;;;;8.0;9;360;9;2112;9;;;;;;;;
91272001;GIF-SUR-YVETTE-INRAE;48.714333;2.151000;157;20241007;24.0;1;12.1;1;636;9;16.5;1;2030;9;14.8;1;14.3;1;4.4;1;8.5;9;11.2;9;;;;;2.0;9;;;;;;;;;;;;;6.0;9;30;9;2142;9;;;;;;;;
91272001;GIF-SUR-YVETTE-INRAE;48.714333;2.151000;157;20241008;2.0;1;12.7;1;700;9;18.4;1;1306;9;14.7;1;15.6;1;5.7;1;11.4;9;12.3;9;;;;;3.4;9;;;;;;;;;;;;;10.0;9;190;9;2106;9;;;;;;;;
91272001;GIF-SUR-YVETTE-INRAE;48.714333;2.151000;157;20241009;68.0;1;12.6;1;1754;9;16.2;1;1600;9;13.5;1;14.4;1;3.6;1;12.1;9;12.3;9;;;;;3.3;9;;;;;;;;;;;;;10.0;9;320;9;1948;9;;;;;;;;
91272001;GIF-SUR-YVETTE-INRAE;48.714333;2.151000;157;20241010;0.5;1;11.6;1;1754;9;16.3;1;1318;9;12.5;1;14.0;1;4.7;1;9.6;9;10.6;9;;;;;2.1;9;;;;;;;;;;;;;8.0;9;360;9;1430;9;;;;;;;;
91272001;GIF-SUR-YVETTE-INRAE;48.714333;2.151000;157;20241011;0.0;1;6.4;1;554;9;14.3;1;1354;9;9.9;1;10.4;1;7.9;1;2.1;9;4.7;9;;;;;1.3;9;;;;;;;;;;;;;4.0;9;360;9;2324;9;;;;;;;;
91272001;GIF-SUR-YVETTE-INRAE;48.714333;2.151000;157;20241012;0.5;1;7.8;1;242;9;15.8;1;1530;9;11.6;1;11.8;1;8.0;1;2.7;9;6.2;9;;;;;1.5;9;;;;;;;;;;;;;4.0;9;360;9;2354;9;;;;;;;;
91272001;GIF-SUR-YVETTE-INRAE;48.714333;2.151000;157;20241013;0.0;1;9.3;1;700;9;15.1;1;1436;9;12.1;1;12.2;1;5.8;1;5.7;9;7.8;9;;;;;1.4;9;;;;;;;;;;;;;8.0;9;360;9;148;9;;;;;;;;
91272001;GIF-SUR-YVETTE-INRAE;48.714333;2.151000;157;20241014;0.0;1;9.8;1;606;9;19.4;1;1124;9;14.0;1;14.6;1;9.6;1;5.9;9;8.0;9;;;;;1.4;9;;;;;;;;;;;;;7.0;9;270;9;1130;9;;;;;;;;
91272001;GIF-SUR-YVETTE-INRAE;48.714333;2.151000;157;20241015;0.5;1;10.4;1;242;9;17.6;1;1506;9;14.7;1;14.0;1;7.2;1;6.9;9;8.9;9;;;;;1.9;9;;;;;;;;;;;;;6.0;9;360;9;1830;9;;;;;;;;
91272001;GIF-SUR-YVETTE-INRAE;48.714333;2.151000;157;20241016;3.5;1;14.4;1;254;9;24.1;1;1330;9;19.0;1;19.3;1;9.7;1;12.5;9;13.6;9;;;;;2.8;9;;;;;;;;;;;;;9.0;9;360;9;2254;9;;;;;;;;
91272001;GIF-SUR-YVETTE-INRAE;48.714333;2.151000;157;20241017;48.0;1;15.1;1;612;9;16.6;1;1354;9;15.4;1;15.9;1;1.5;1;13.6;9;14.5;9;;;;;2.4;9;;;;;;;;;;;;;10.0;9;360;9;1448;9;;;;;;;;
91272001;GIF-SUR-YVETTE-INRAE;48.714333;2.151000;157;20241018;0.5;1;11.9;1;300;9;14.1;1;1442;9;12.8;1;13.0;1;2.2;1;11.8;9;11.7;9;;;;;2.2;9;;;;;;;;;;;;;7.0;9;360;9;536;9;;;;;;;;
91272001;GIF-SUR-YVETTE-INRAE;48.714333;2.151000;157;20241019;4.5;1;9.8;1;242;9;15.6;1;1342;9;12.7;1;12.7;1;5.8;1;7.0;9;8.8;9;;;;;2.2;9;;;;;;;;;;;;;8.0;9;90;9;1248;9;;;;;;;;
91272001;GIF-SUR-YVETTE-INRAE;48.714333;2.151000;157;20241020;0.0;1;11.2;1;500;9;18.1;1;1842;9;15.1;1;14.7;1;6.9;1;8.8;9;10.4;9;;;;;3.0;9;;;;;;;;;;;;;8.0;9;360;9;2242;9;;;;;;;;
91272001;GIF-SUR-YVETTE-INRAE;48.714333;2.151000;157;20241021;0.5;1;14.7;1;1754;9;19.6;1;1342;9;16.0;1;17.2;1;4.9;1;14.1;9;14.6;9;;;;;2.0;9;;;;;;;;;;;;;9.0;9;360;9;1912;9;;;;;;;;
91272001;GIF-SUR-YVETTE-INRAE;48.714333;2.151000;157;20241022;0.0;1;10.0;1;518;9;16.5;1;1454;9;11.9;1;13.3;1;6.5;1;5.3;9;8.3;9;;;;;1.1;9;;;;;;;;;;;;;4.0;9;360;9;1230;9;;;;;;;;
91272001;GIF-SUR-YVETTE-INRAE;48.714333;2.151000;157;20241023;0.5;1;5.4;1;436;9;16.7;1;1336;9;10.8;1;11.1;1;11.3;1;1.1;9;3.3;9;;;;;1.0;9;;;;;;;;;;;;;5.0;9;360;9;1506;9;;;;;;;;
91272001;GIF-SUR-YVETTE-INRAE;48.714333;2.151000;157;20241024;0.0;1;5.1;1;648;9;17.7;1;1500;9;12.2;1;11.4;1;12.6;1;0.3;9;3.3;9;;;;;1.5;9;;;;;;;;;;;;;5.0;9;360;9;1130;9;;;;;;;;
91272001;GIF-SUR-YVETTE-INRAE;48.714333;2.151000;157;20241025;1.5;1;11.9;1;630;9;18.5;1;1054;9;14.3;1;15.2;1;6.6;1;7.3;9;10.9;9;;;;;1.6;9;;;;;;;;;;;;;10.0;9;360;9;1106;9;;;;;;;;
91272001;GIF-SUR-YVETTE-INRAE;48.714333;2.151000;157;20241026;2.5;1;13.0;1;424;9;18.5;1;1442;9;14.5;1;15.8;1;5.5;1;9.1;9;12.1;9;;;;;1.1;9;;;;;;;;;;;;;3.0;9;360;9;2318;9;;;;;;;;
91272001;GIF-SUR-YVETTE-INRAE;48.714333;2.151000;157;20241027;0.0;1;13.0;1;554;9;16.5;1;1148;9;14.0;1;14.8;1;3.5;1;8.3;9;10.9;9;;;;;1.6;9;;;;;;;;;;;;;6.0;9;360;9;512;9;;;;;;;;
91272001;GIF-SUR-YVETTE-INRAE;48.714333;2.151000;157;20241028;0.5;1;9.0;1;336;9;16.2;1;1330;9;12.0;1;12.6;1;7.2;1;5.8;9;7.7;9;;;;;0.8;9;;;;;;;;;;;;;4.0;9;90;9;1248;9;;;;;;;;
91272001;GIF-SUR-YVETTE-INRAE;48.714333;2.151000;157;20241029;0.0;1;9.7;1;724;9;12.0;1;1436;9;10.3;1;10.9;1;2.3;1;6.1;9;8.5;9;;;;;0.8;9;;;;;;;;;;;;;4.0;9;360;9;924;9;;;;;;;;
91272001;GIF-SUR-YVETTE-INRAE;48.714333;2.151000;157;20241030;0.0;1;9.9;1;6;9;12.7;1;1512;9;11.4;1;11.3;1;2.8;1;3.1;9;5.6;9;;;;;1.6;9;;;;;;;;;;;;;6.0;9;360;9;1554;9;;;;;;;;
91272001;GIF-SUR-YVETTE-INRAE;48.714333;2.151000;157;20241031;0.5;1;9.1;1;954;9;10.1;1;1500;9;9.8;1;9.6;1;1.0;1;9.8;9;9.3;9;;;;;1.6;9;;;;;;;;;;;;;4.0;9;70;9;1418;9;;;;;;;;
91272001;GIF-SUR-YVETTE-INRAE;48.714333;2.151000;157;20241101;0.0;1;7.6;1;724;9;9.8;1;1918;9;8.8;1;8.7;1;2.2;1;8.0;9;7.7;9;;;;;1.2;9;;;;;;;;;;;;;5.0;9;360;9;2118;9;;;;;;;;
91272001;GIF-SUR-YVETTE-INRAE;48.714333;2.151000;157;20241102;0.0;1;8.6;1;700;9;11.2;1;1530;9;9.9;1;9.9;1;2.6;1;8.7;9;8.4;9;;;;;2.3;9;;;;;;;;;;;;;6.0;9;360;9;1836;9;;;;;;;;
91272001;GIF-SUR-YVETTE-INRAE;48.714333;2.151000;157;20241103;0.0;1;8.1;1;1754;9;8.7;1;736;9;8.5;1;8.4;1;0.6;1;8.0;9;8.0;9;;;;;2.1;9;;;;;;;;;;;;;6.0;9;360;9;748;9;;;;;;;;
91272001;GIF-SUR-YVETTE-INRAE;48.714333;2.151000;157;20241104;0.0;1;6.5;1;754;9;14.9;1;1436;9;9.5;1;10.7;1;8.4;1;5.0;9;6.4;9;;;;;1.4;9;;;;;;;;;;;;;5.0;9;360;9;1754;9;;;;;;;;
91272001;GIF-SUR-YVETTE-INRAE;48.714333;2.151000;157;20241105;0.0;1;6.6;1;712;9;11.9;1;1524;9;9.3;1;9.3;1;5.3;1;5.1;9;6.3;9;;;;;1.0;9;;;;;;;;;;;;;4.0;9;360;9;18;9;;;;;;;;
91272001;GIF-SUR-YVETTE-INRAE;48.714333;2.151000;157;20241106;0.0;1;8.6;1;830;9;10.4;1;1554;9;9.4;1;9.5;1;1.8;1;8.6;9;8.6;9;;;;;1.9;9;;;;;;;;;;;;;4.0;9;360;9;2330;9;;;;;;;;
91272001;GIF-SUR-YVETTE-INRAE;48.714333;2.151000;157;20241107;0.5;1;8.8;1;254;9;10.9;1;1148;9;9.6;1;9.9;1;2.1;1;8.9;9;8.6;9;;;;;1.8;9;;;;;;;;;;;;;6.0;9;360;9;1818;9;;;;;;;;
91272001;GIF-SUR-YVETTE-INRAE;48.714333;2.151000;157;20241108;0.0;1;6.7;1;324;9;9.0;1;2242;9;8.0;1;7.9;1;2.3;1;7.2;9;6.7;9;;;;;1.4;9;;;;;;;;;;;;;4.0;9;360;9;1854;9;;;;;;;;
91272001;GIF-SUR-YVETTE-INRAE;48.714333;2.151000;157;20241109;0.0;1;8.5;1;742;9;10.3;1;242;9;9.4;1;9.4;1;1.8;1;8.8;9;8.6;9;;;;;0.9;9;;;;;;;;;;;;;3.0;9;360;9;836;9;;;;;;;;
91272001;GIF-SUR-YVETTE-INRAE;48.714333;2.151000;157;20241110;1.0;1;9.4;1;1754;9;10.8;1;1542;9;9.4;1;10.1;1;1.4;1;6.5;9;8.0;9;;;;;1.8;9;;;;;;;;;;;;;6.0;9;360;9;1024;9;;;;;;;;
91272001;GIF-SUR-YVETTE-INRAE;48.714333;2.151000;157;20241111;0.5;1;4.6;1;130;9;12.4;1;1400;9;8.6;1;8.5;1;7.8;1;0.7;9;2.4;9;;;;;1.9;9;;;;;;;;;;;;;8.0;9;360;9;1430;9;;;;;;;;
91272001;GIF-SUR-YVETTE-INRAE;48.714333;2.151000;157;20241112;1.5;1;6.0;1;6;9;9.4;1;1442;9;8.4;1;7.7;1;3.4;1;3.4;9;4.7;9;;;;;3.9;9;;;;;;;;;;;;;10.0;9;360;9;1054;9;;;;;;;;
91272001;GIF-SUR-YVETTE-INRAE;48.714333;2.151000;157;20241113;0.0;1;6.0;1;1754;9;8.4;1;1212;9;7.3;1;7.2;1;2.4;1;3.4;9;4.8;9;;;;;2.3;9;;;;;;;;;;;;;6.0;9;360;9;1518;9;;;;;;;;
91272001;GIF-SUR-YVETTE-INRAE;48.714333;2.151000;157;20241114;0.0;1;5.2;1;518;9;11.8;1;1306;9;8.5;1;8.5;1;6.6;1;0.4;9;2.0;9;;;;;1.3;9;;;;;;;;;;;;;6.0;9;360;9;1342;9;;;;;;;;
91272001;GIF-SUR-YVETTE-INRAE;48.714333;2.151000;157;20241115;0.0;1;8.1;1;736;9;9.4;1;1418;9;8.6;1;8.8;1;1.3;1;5.6;9;7.3;9;;;;;1.3;9;;;;;;;;;;;;;4.0;9;360;9;1336;9;;;;;;;;
91272001;GIF-SUR-YVETTE-INRAE;48.714333;2.151000;157;20241116;0.0;1;5.4;1;1700;9;8.6;1;1312;9;6.5;1;7.0;1;3.2;1;3.1;9;4.6;9;;;;;1.3;9;;;;;;;;;;;;;5.0;9;360;9;2254;9;;;;;;;;
91272001;GIF-SUR-YVETTE-INRAE;48.714333;2.151000;157;20241117;0.5;1;3.5;1;36;9;8.6;1;1500;9;5.9;1;6.1;1;5.1;1;1.4;9;2.8;9;;;;;2.8;9;;;;;;;;;;;;;7.0;9;360;9;624;9;;;;;;;;
91272001;GIF-SUR-YVETTE-INRAE;48.714333;2.151000;157;20241118;7.0;1;5.9;1;124;9;10.6;1;336;9;8.6;1;8.3;1;4.7;1;4.1;9;5.2;9;;;;;4.3;9;;;;;;;;;;;;;10.0;9;360;9;2306;9;;;;;;;;
91272001;GIF-SUR-YVETTE-INRAE;48.714333;2.151000;157;20241119;13.5;1;8.0;1;1754;9;11.6;1;1142;9;9.4;1;9.8;1;3.6;1;7.0;9;7.0;9;;;;;5.5;9;;;;;;;;;;;;;14.0;9;360;9;1348;9;;;;;;;;
91272001;GIF-SUR-YVETTE-INRAE;48.714333;2.151000;157;20241120;0.5;1;1.3;1;606;9;6.6;1;1230;9;3.1;1;4.0;1;5.3;1;-1.2;9;0.0;9;;;;;2.4;9;;;;;;;;;;;;;11.0;9;360;9;1624;9;;;;;;;;
91272001;GIF-SUR-YVETTE-INRAE;48.714333;2.151000;157;20241121;0.5;2;-0.5;1;236;9;0.9;1;906;9;-0.3;1;0.2;1;1.4;1;-2.7;9;-1.7;9;;;;;2.6;9;;;;;;;;;;;;;10.0;9;360;9;1648;9;;;;;;;;
91272001;GIF-SUR-YVETTE-INRAE;48.714333;2.151000;157;20241122;3.0;1;-3.0;1;206;9;3.2;1;1436;9;0.6;1;0.1;1;6.2;1;-3.0;9;-5.1;9;;;;;2.3;9;;;;;;;;;;;;;13.0;9;360;9;1106;9;;;;;;;;
91272001;GIF-SUR-YVETTE-INRAE;48.714333;2.151000;157;20241123;1.5;1;0.6;1;318;9;12.8;1;554;9;5.0;1;6.7;1;12.2;1;-1.8;9;-0.2;9;;;;;4.2;9;;;;;;;;;;;;;12.0;9;360;9;2224;9;;;;;;;;
91272001;GIF-SUR-YVETTE-INRAE;48.714333;2.151000;157;20241124;0.0;1;10.6;1;0;9;16.4;1;1454;9;14.1;1;13.5;1;5.8;1;6.1;9;7.4;9;;;;;5.7;9;;;;;;;;;;;;;13.0;9;360;9;254;9;;;;;;;;
91272001;GIF-SUR-YVETTE-INRAE;48.714333;2.151000;157;20241125;11.5;1;8.7;1;1754;9;14.5;1;600;9;11.0;1;11.6;1;5.8;1;6.7;9;8.0;9;;;;;3.0;9;;;;;;;;;;;;;10.0;9;360;9;748;9;;;;;;;;
91272001;GIF-SUR-YVETTE-INRAE;48.714333;2.151000;157;20241126;0.0;1;7.3;1;930;9;9.8;1;554;9;7.9;1;8.6;1;2.5;1;3.8;9;6.7;9;;;;;2.7;9;;;;;;;;;;;;;8.0;9;360;9;1300;9;;;;;;;;
91272001;GIF-SUR-YVETTE-INRAE;48.714333;2.151000;157;20241127;2.0;1;8.5;1;6;9;13.1;1;1712;9;10.2;1;10.8;1;4.6;1;3.4;9;5.4;9;;;;;4.4;9;;;;;;;;;;;;;14.0;9;90;9;1018;9;;;;;;;;
91272001;GIF-SUR-YVETTE-INRAE;48.714333;2.151000;157;20241128;0.5;1;3.8;1;1730;9;8.8;1;1412;9;6.0;1;6.3;1;5.0;1;-0.6;9;2.3;9;;;;;1.7;9;;;;;;;;;;;;;5.0;9;360;9;2254;9;;;;;;;;
91272001;GIF-SUR-YVETTE-INRAE;48.714333;2.151000;157;20241129;0.0;1;1.6;1;612;9;7.3;1;1412;9;3.7;1;4.5;1;5.7;1;-0.7;9;0.9;9;;;;;2.3;9;;;;;;;;;;;;;6.0;9;360;9;1530;9;;;;;;;;
91272001;GIF-SUR-YVETTE-INRAE;48.714333;2.151000;157;20241130;0.0;1;-0.8;1;424;9;7.9;1;1242;9;2.1;1;3.6;1;8.7;1;-3.3;9;-2.2;9;;;;;1.1;9;;;;;;;;;;;;;4.0;9;360;9;2342;9;;;;;;;;
91272001;GIF-SUR-YVETTE-INRAE;48.714333;2.151000;157;20241201;0.0;1;0.1;1;324;9;11.0;1;454;9;5.2;1;5.6;1;10.9;1;0.4;9;0.2;9;;;;;2.3;9;;;;;;;;;;;;;8.0;9;360;9;2324;9;;;;;;;;
91272001;GIF-SUR-YVETTE-INRAE;48.714333;2.151000;157;20241202;2.0;1;8.0;1;1748;9;12.0;1;1318;9;9.7;1;10.0;1;4.0;1;5.3;9;6.7;9;;;;;3.2;9;;;;;;;;;;;;;12.0;9;360;9;1600;9;;;;;;;;
91272001;GIF-SUR-YVETTE-INRAE;48.714333;2.151000;157;20241203;0.0;1;5.2;1;248;9;7.4;1;1248;9;5.8;1;6.3;1;2.2;1;2.4;9;4.4;9;;;;;1.5;9;;;;;;;;;;;;;6.0;9;360;9;130;9;;;;;;;;
91272001;GIF-SUR-YVETTE-INRAE;48.714333;2.151000;157;20241204;0.5;1;2.1;1;206;9;5.4;1;1406;9;4.0;1;3.8;1;3.3;1;-1.9;9;0.7;9;;;;;1.8;9;;;;;;;;;;;;;6.0;9;360;9;2148;9;;;;;;;;
91272001;GIF-SUR-YVETTE-INRAE;48.714333;2.151000;157;20241205;6.5;1;3.7;1;236;9;12.7;1;2336;9;7.0;1;8.2;1;9.0;1;3.8;9;3.8;9;;;;;4.8;9;;;;;;;;;;;;;15.0;9;360;9;2342;9;;;;;;;;
91272001;GIF-SUR-YVETTE-INRAE;48.714333;2.151000;157;20241206;6.0;1;7.6;1;1712;9;11.2;1;448;9;8.6;1;9.4;1;3.6;1;3.9;9;6.5;9;;;;;3.6;9;;;;;;;;;;;;;12.0;9;360;9;100;9;;;;;;;;
91272001;GIF-SUR-YVETTE-INRAE;48.714333;2.151000;157;20241207;5.5;1;6.1;1;1754;9;10.3;1;600;9;8.1;1;8.2;1;4.2;1;5.3;9;5.3;9;;;;;5.8;9;;;;;;;;;;;;;15.0;9;360;9;1330;9;;;;;;;;
91272001;GIF-SUR-YVETTE-INRAE;48.714333;2.151000;157;20241208;3.5;1;5.9;1;200;9;7.7;1;1224;9;6.7;1;6.8;1;1.8;1;5.3;9;5.2;9;;;;;5.7;9;;;;;;;;;;;;;13.0;9;360;9;1336;9;;;;;;;;
91272001;GIF-SUR-YVETTE-INRAE;48.714333;2.151000;157;20241209;2.5;1;4.3;1;854;9;5.7;1;1448;9;5.0;1;5.0;1;1.4;1;3.3;9;3.6;9;;;;;5.4;9;;;;;;;;;;;;;13.0;9;360;9;412;9;;;;;;;;
91272001;GIF-SUR-YVETTE-INRAE;48.714333;2.151000;157;20241210;1.5;1;3.6;1;424;9;5.6;1;1454;9;4.8;1;4.6;1;2.0;1;2.9;9;3.0;9;;;;;4.4;9;;;;;;;;;;;;;9.0;9;360;9;854;9;;;;;;;;
91272001;GIF-SUR-YVETTE-INRAE;48.714333;2.151000;157;20241211;0.0;1;3.4;1;806;9;4.3;1;624;9;4.0;1;3.9;1;0.9;1;3.1;9;3.1;9;;;;;3.0;9;;;;;;;;;;;;;7.0;9;360;9;2112;9;;;;;;;;
91272001;GIF-SUR-YVETTE-INRAE;48.714333;2.151000;157;20241212;0.0;1;3.0;1;1754;9;3.9;1;1300;9;3.1;1;3.5;1;0.9;1;2.7;9;2.9;9;;;;;2.6;9;;;;;;;;;;;;;6.0;9;360;9;2348;9;;;;;;;;
91272001;GIF-SUR-YVETTE-INRAE;48.714333;2.151000;157;20241213;0.0;1;0.1;1;1754;9;2.7;1;1236;9;1.2;1;1.4;1;2.6;1;-4.0;9;-1.3;9;;;;;1.5;9;;;;;;;;;;;;;5.0;9;360;9;42;9;;;;;;;;
91272001;GIF-SUR-YVETTE-INRAE;48.714333;2.151000;157;20241214;0.5;1;-0.5;1;6;9;3.9;1;2006;9;2.1;1;1.7;1;4.4;1;-4.1;9;-1.8;9;;;;;1.9;9;;;;;;;;;;;;;6.0;9;360;9;1412;9;;;;;;;;
91272001;GIF-SUR-YVETTE-INRAE;48.714333;2.151000;157;20241215;0.0;1;1.8;1;606;9;9.0;1;312;9;5.7;1;5.4;1;7.2;1;-0.1;9;1.1;9;;;;;2.9;9;;;;;;;;;;;;;8.0;9;360;9;1942;9;;;;;;;;
91272001;GIF-SUR-YVETTE-INRAE;48.714333;2.151000;157;20241216;0.5;1;7.8;1;1736;9;8.4;1;1300;9;8.1;1;8.1;1;0.6;1;7.2;9;7.3;9;;;;;2.4;9;;;;;;;;;;;;;8.0;9;360;9;312;9;;;;;;;;
91272001;GIF-SUR-YVETTE-INRAE;48.714333;2.151000;157;20241217;1.0;1;5.3;1;1242;9;8.1;1;554;9;6.2;1;6.7;1;2.8;1;4.5;9;5.1;9;;;;;2.3;9;;;;;;;;;;;;;8.0;9;360;9;2100;9;;;;;;;;
91272001;GIF-SUR-YVETTE-INRAE;48.714333;2.151000;157;20241218;1.0;1;7.0;1;412;9;12.8;1;1924;9;10.1;1;9.9;1;5.8;1;4.3;9;5.0;9;;;;;4.7;9;;;;;;;;;;;;;15.0;9;360;9;2324;9;;;;;;;;
91272001;GIF-SUR-YVETTE-INRAE;48.714333;2.151000;157;20241219;1.5;1;4.1;1;1754;9;12.0;1;600;9;7.5;1;8.1;1;7.9;1;2.7;9;3.6;9;;;;;4.9;9;;;;;;;;;;;;;13.0;9;360;9;130;9;;;;;;;;
91272001;GIF-SUR-YVETTE-INRAE;48.714333;2.151000;157;20241220;2.0;1;2.0;1;330;9;7.5;1;424;9;4.8;1;4.8;1;5.5;1;-1.2;9;1.0;9;;;;;3.0;9;;;;;;;;;;;;;8.0;9;360;9;2136;9;;;;;;;;
91272001;GIF-SUR-YVETTE-INRAE;48.714333;2.151000;157;20241221;9.0;1;6.6;1;830;9;11.3;1;24;9;8.2;1;9.0;1;4.7;1;4.8;9;5.5;9;;;;;4.3;9;;;;;;;;;;;;;13.0;9;360;9;2300;9;;;;;;;;
91272001;GIF-SUR-YVETTE-INRAE;48.714333;2.151000;157;20241222;6.5;1;2.0;1;1412;9;7.3;1;1242;9;6.2;1;4.7;1;5.3;1;0.6;9;1.0;9;;;;;5.3;9;;;;;;;;;;;;;17.0;9;360;9;1400;9;;;;;;;;
91272001;GIF-SUR-YVETTE-INRAE;48.714333;2.151000;157;20241223;1.0;1;4.5;1;812;9;7.0;1;1300;9;5.5;1;5.8;1;2.5;1;2.4;9;3.3;9;;;;;3.9;9;;;;;;;;;;;;;12.0;9;360;9;330;9;;;;;;;;
91272001;GIF-SUR-YVETTE-INRAE;48.714333;2.151000;157;20241224;0.5;1;4.2;1;130;9;8.7;1;554;9;6.3;1;6.5;1;4.5;1;3.5;9;3.7;9;;;;;1.8;9;;;;;;;;;;;;;4.0;9;360;9;1812;9;;;;;;;;
91272001;GIF-SUR-YVETTE-INRAE;48.714333;2.151000;157;20241225;0.5;1;8.2;1;224;9;9.3;1;1236;9;8.5;1;8.8;1;1.1;1;7.4;9;7.5;9;;;;;0.8;9;;;;;;;;;;;;;4.0;9;360;9;2236;9;;;;;;;;
91272001;GIF-SUR-YVETTE-INRAE;48.714333;2.151000;157;20241226;0.0;1;4.5;1;1754;9;8.6;1;1406;9;5.8;1;6.6;1;4.1;1;-0.6;9;2.4;9;;;;;1.4;9;;;;;;;;;;;;;4.0;9;360;9;1336;9;;;;;;;;
91272001;GIF-SUR-YVETTE-INRAE;48.714333;2.151000;157;20241227;0.0;1;0.0;1;754;9;7.1;1;1354;9;2.3;1;3.6;1;7.1;1;-5.4;9;-2.5;9;;;;;0.7;9;;;;;;;;;;;;;2.0;9;150;9;2354;9;;;;;;;;
91272001;GIF-SUR-YVETTE-INRAE;48.714333;2.151000;157;20241228;0.5;1;-2.0;1;812;9;0.0;1;554;9;-0.8;1;-1.0;1;2.0;1;-4.0;9;-1.8;9;;;;;1.6;9;;;;;;;;;;;;;5.0;9;230;9;1224;9;;;;;;;;
91272001;GIF-SUR-YVETTE-INRAE;48.714333;2.151000;157;20241229;0.0;1;-0.2;1;400;9;3.8;1;1554;9;2.1;1;1.8;1;4.0;1;-0.1;9;-0.3;9;;;;;1.4;9;;;;;;;;;;;;;4.0;9;360;9;1118;9;;;;;;;;
91272001;GIF-SUR-YVETTE-INRAE;48.714333;2.151000;157;20241230;0.0;1;0.2;1;1754;9;2.8;1;612;9;1.7;1;1.5;1;2.6;1;0.4;9;0.2;9;;;;;1.7;9;;;;;;;;;;;;;5.0;9;360;9;2124;9;;;;;;;;
91272001;GIF-SUR-YVETTE-INRAE;48.714333;2.151000;157;20241231;0.0;1;0.8;1;12;9;4.4;1;2324;9;2.5;1;2.6;1;3.6;1;0.3;9;0.1;9;;;;;3.2;9;;;;;;;;;;;;;9.0;9;360;9;2330;9;;;;;;;;
91272001;GIF-SUR-YVETTE-INRAE;48.714333;2.151000;157;20250101;14.0;1;3.2;1;324;9;8.0;1;130;9;5.3;1;5.6;1;4.8;1;3.1;9;3.1;9;;;;;6.2;9;;;;;;;;;;;;;14.0;9;360;9;2330;9;;;;;;;;
91272001;GIF-SUR-YVETTE-INRAE;48.714333;2.151000;157;20250102;7.0;1;1.9;1;900;9;4.2;1;1606;9;3.7;1;3.1;1;2.3;1;1.9;9;1.7;9;;;;;2.3;9;;;;;;;;;;;;;14.0;9;360;9;130;9;;;;;;;;
91272001;GIF-SUR-YVETTE-INRAE;48.714333;2.151000;157;20250103;0.5;1;-2.7;1;712;9;3.8;1;1324;9;-0.3;1;0.6;1;6.5;1;-6.1;9;-3.5;9;;;;;0.9;9;;;;;;;;;;;;;5.0;9;360;9;1336;9;;;;;;;;
91272001;GIF-SUR-YVETTE-INRAE;48.714333;2.151000;157;20250104;11.0;1;-4.8;1;618;9;10.3;1;554;9;-1.5;1;2.8;1;15.1;1;-8.2;9;-6.7;9;;;;;1.9;9;;;;;;;;;;;;;6.0;9;360;9;2012;9;;;;;;;;
91272001;GIF-SUR-YVETTE-INRAE;48.714333;2.151000;157;20250105;2.0;1;0.4;1;0;9;11.8;1;118;9;10.4;1;6.1;1;11.4;1;-0.2;9;-0.5;9;;;;;6.1;9;;;;;;;;;;;;;14.0;9;360;9;300;9;;;;;;;;
91272001;GIF-SUR-YVETTE-INRAE;48.714333;2.151000;157;20250106;2.5;1;6.4;1;1754;9;11.5;1;754;9;8.6;1;9.0;1;5.1;1;4.2;9;5.7;9;;;;;6.4;9;;;;;;;;;;;;;18.0;9;360;9;1012;9;;;;;;;;
91272001;GIF-SUR-YVETTE-INRAE;48.714333;2.151000;157;20250107;0.0;1;2.9;1;854;9;6.2;1;1400;9;4.5;1;4.6;1;3.3;1;1.4;9;2.3;9;;;;;4.0;9;;;;;;;;;;;;;11.0;9;360;9;1242;9;;;;;;;;
91272001;GIF-SUR-YVETTE-INRAE;48.714333;2.151000;157;20250108;16.5;1;3.0;1;1036;9;11.7;1;1818;9;6.4;1;7.4;1;8.7;1;2.8;9;2.8;9;;;;;3.5;9;;;;;;;;;;;;;15.0;9;360;9;1630;9;;;;;;;;
91272001;GIF-SUR-YVETTE-INRAE;48.714333;2.151000;157;20250109;0.5;1;1.8;1;954;9;10.1;1;742;9;5.1;1;6.0;1;8.3;1;-0.1;9;1.5;9;;;;;3.6;9;;;;;;;;;;;;;12.0;9;360;9;900;9;;;;;;;;
91272001;GIF-SUR-YVETTE-INRAE;48.714333;2.151000;157;20250110;0.0;1;1.5;1;1730;9;4.8;1;1430;9;2.3;1;3.2;1;3.3;1;-3.8;9;-0.6;9;;;;;1.2;9;;;;;;;;;;;;;4.0;9;360;9;1354;9;;;;;;;;
91272001;GIF-SUR-YVETTE-INRAE;48.714333;2.151000;157;20250111;0.0;1;-1.0;1;842;9;1.6;1;1224;9;0.1;1;0.3;1;2.6;1;-6.6;9;-3.4;9;;;;;2.0;9;;;;;;;;;;;;;4.0;9;360;9;2218;9;;;;;;;;
91272001;GIF-SUR-YVETTE-INRAE;48.714333;2.151000;157;20250112;0.0;1;0.4;1;748;9;3.7;1;1500;9;1.7;1;2.1;1;3.3;1;0.2;9;0.2;9;;;;;1.8;9;;;;;;;;;;;;;6.0;9;90;9;1842;9;;;;;;;;
91272001;GIF-SUR-YVETTE-INRAE;48.714333;2.151000;157;20250113;0.0;1;0.0;1;736;9;3.7;1;1454;9;0.9;1;1.9;1;3.7;1;-4.8;9;-1.4;9;;;;;2.0;9;;;;;;;;;;;;;6.0;9;70;9;1254;9;;;;;;;;
91272001;GIF-SUR-YVETTE-INRAE;48.714333;2.151000;157;20250114;0.0;1;-4.3;1;636;9;3.6;1;1336;9;-0.9;1;-0.4;1;7.9;1;-10.1;9;-6.6;9;;;;;0.8;9;;;;;;;;;;;;;4.0;9;320;9;1436;9;;;;;;;;
91272001;GIF-SUR-YVETTE-INRAE;48.714333;2.151000;157;20250115;0.0;1;-1.5;1;0;9;5.7;1;2112;9;3.5;1;2.1;1;7.2;1;-5.7;9;-3.0;9;;;;;1.5;9;;;;;;;;;;;;;4.0;9;350;9;1506;9;;;;;;;;
91272001;GIF-SUR-YVETTE-INRAE;48.714333;2.151000;157;20250116;0.0;1;1.8;1;724;9;3.8;1;2142;9;3.3;1;2.8;1;2.0;1;-0.2;9;0.7;9;;;;;2.1;9;;;;;;;;;;;;;6.0;9;90;9;1554;9;;;;;;;;
91272001;GIF-SUR-YVETTE-INRAE;48.714333;2.151000;157;20250117;0.0;1;-1.1;1;448;9;1.0;1;1118;9;0.2;1;-0.1;1;2.1;1;-6.0;9;-3.2;9;;;;;1.5;9;;;;;;;;;;;;;4.0;9;50;9;2354;9;;;;;;;;
91272001;GIF-SUR-YVETTE-INRAE;48.714333;2.151000;157;20250118;0.0;1;-1.3;1;54;9;0.7;1;1500;9;-0.2;1;-0.3;1;2.0;1;-1.1;9;-1.2;9;;;;;2.2;9;;;;;;;;;;;;;6.0;9;150;9;1936;9;;;;;;;;
91272001;GIF-SUR-YVETTE-INRAE;48.714333;2.151000;157;20250119;0.0;1;-1.3;1;6;9;0.0;1;1300;9;-0.6;1;-0.7;1;1.3;1;-5.7;9;-3.1;9;;;;;1.1;9;;;;;;;;;;;;;4.0;9;230;9;1100;9;;;;;;;;
91272001;GIF-SUR-YVETTE-INRAE;48.714333;2.151000;157;20250120;0.0;1;-2.4;1;948;9;-1.0;1;1454;9;-1.7;1;-1.7;1;1.4;1;-1.9;9;-2.2;9;;;;;1.3;9;;;;;;;;;;;;;4.0;9;110;9;1500;9;;;;;;;;
91272001;GIF-SUR-YVETTE-INRAE;48.714333;2.151000;157;20250121;0.0;1;-2.4;1;736;9;3.8;1;542;9;-0.5;1;0.7;1;6.2;1;-3.0;9;-2.4;9;;;;;1.2;9;;;;;;;;;;;;;4.0;9;110;9;1412;9;;;;;;;;
91272001;GIF-SUR-YVETTE-INRAE;48.714333;2.151000;157;20250122;20.5;1;0.9;1;18;9;8.2;1;1600;9;5.5;1;4.6;1;7.3;1;-1.7;9;-0.5;9;;;;;1.7;9;;;;;;;;;;;;;8.0;9;350;9;2054;9;;;;;;;;
91272001;GIF-SUR-YVETTE-INRAE;48.714333;2.151000;157;20250123;0.5;1;3.2;1;736;9;7.7;1;2306;9;5.6;1;5.5;1;4.5;1;1.4;9;2.6;9;;;;;4.2;9;;;;;;;;;;;;;12.0;9;200;9;2036;9;;;;;;;;
91272001;GIF-SUR-YVETTE-INRAE;48.714333;2.151000;157;20250124;2.0;1;6.3;1;648;9;11.9;1;42;9;9.0;1;9.1;1;5.6;1;5.4;9;5.9;9;;;;;6.6;9;;;;;;;;;;;;;16.0;9;210;9;1342;9;;;;;;;;
91272001;GIF-SUR-YVETTE-INRAE;48.714333;2.151000;157;20250125;8.0;1;7.5;1;1754;9;11.2;1;600;9;8.4;1;9.4;1;3.7;1;7.1;9;7.1;9;;;;;3.4;9;;;;;;;;;;;;;13.0;9;240;9;612;9;;;;;;;;
91272001;GIF-SUR-YVETTE-INRAE;48.714333;2.151000;157;20250126;5.0;1;0.7;1;648;9;11.4;1;218;9;4.8;1;6.1;1;10.7;1;0.5;9;0.7;9;;;;;4.8;9;;;;;;;;;;;;;14.0;9;180;9;2354;9;;;;;;;;
91272001;GIF-SUR-YVETTE-INRAE;48.714333;2.151000;157;20250127;3.0;1;7.3;1;1054;9;10.4;1;1342;9;8.9;1;8.9;1;3.1;1;5.7;9;6.2;9;;;;;6.8;9;;;;;;;;;;;;;16.0;9;200;9;48;9;;;;;;;;
91272001;GIF-SUR-YVETTE-INRAE;48.714333;2.151000;157;20250128;2.0;1;6.0;1;754;9;10.9;1;1500;9;7.8;1;8.5;1;4.9;1;4.7;9;5.2;9;;;;;6.2;9;;;;;;;;;;;;;15.0;9;220;9;1012;9;;;;;;;;
91272001;GIF-SUR-YVETTE-INRAE;48.714333;2.151000;157;20250129;15.5;1;5.1;1;812;9;7.2;1;1654;9;6.6;1;6.2;1;2.1;1;3.2;9;4.5;9;;;;;3.6;9;;;;;;;;;;;;;12.0;9;240;9;118;9;;;;;;;;
91272001;GIF-SUR-YVETTE-INRAE;48.714333;2.151000;157;20250130;0.0;1;4.9;1;718;9;7.1;1;1006;9;5.2;1;6.0;1;2.2;1;2.9;9;4.1;9;;;;;2.5;9;;;;;;;;;;;;;10.0;9;20;9;1354;9;;;;;;;;
91272001;GIF-SUR-YVETTE-INRAE;48.714333;2.151000;157;20250131;4.0;1;-0.7;1;236;9;4.5;1;1306;9;1.7;1;1.9;1;5.2;1;-5.4;9;-3.0;9;;;;;2.0;9;;;;;;;;;;;;;7.0;9;160;9;1524;9;;;;;;;;
91272001;GIF-SUR-YVETTE-INRAE;48.714333;2.151000;157;20250201;0.0;1;-1.6;1;748;9;6.4;1;1442;9;1.8;1;2.4;1;8.0;1;-5.7;9;-3.2;9;;;;;1.4;9;;;;;;;;;;;;;5.0;9;70;9;1500;9;;;;;;;;
91272001;GIF-SUR-YVETTE-INRAE;48.714333;2.151000;157;20250202;0.0;1;-1.6;1;736;9;6.8;1;1330;9;1.6;1;2.6;1;8.4;1;-7.0;9;-4.1;9;;;;;0.8;9;;;;;;;;;;;;;3.0;9;100;9;1548;9;;;;;;;;
91272001;GIF-SUR-YVETTE-INRAE;48.714333;2.151000;157;20250203;0.0;1;-1.9;1;706;9;8.0;1;1530;9;1.9;1;3.1;1;9.9;1;-7.3;9;-4.7;9;;;;;1.0;9;;;;;;;;;;;;;4.0;9;170;9;1906;9;;;;;;;;
91272001;GIF-SUR-YVETTE-INRAE;48.714333;2.151000;157;20250204;0.0;1;-1.9;1;536;9;2.4;1;554;9;-0.1;1;0.3;1;4.3;1;-1.4;9;-1.7;9;;;;;2.1;9;;;;;;;;;;;;;5.0;9;230;9;2018;9;;;;;;;;
91272001;GIF-SUR-YVETTE-INRAE;48.714333;2.151000;157;20250205;0.0;1;1.1;1;0;9;5.4;1;1612;9;3.6;1;3.3;1;4.3;1;1.2;9;1.1;9;;;;;1.4;9;;;;;;;;;;;;;4.0;9;30;9;2100;9;;;;;;;;
91272001;GIF-SUR-YVETTE-INRAE;48.714333;2.151000;157;20250206;0.5;1;1.6;1;854;9;4.1;1;1912;9;3.0;1;2.9;1;2.5;1;-1.5;9;0.9;9;;;;;4.1;9;;;;;;;;;;;;;10.0;9;70;9;2218;9;;;;;;;;
91272001;GIF-SUR-YVETTE-INRAE;48.714333;2.151000;157;20250207;2.0;1;1.3;1;824;9;5.9;1;530;9;3.3;1;3.6;1;4.6;1;1.1;9;1.1;9;;;;;3.8;9;;;;;;;;;;;;;8.0;9;90;9;1230;9;;;;;;;;
91272001;GIF-SUR-YVETTE-INRAE;48.714333;2.151000;157;20250208;5.5;1;2.4;1;842;9;5.8;1;1600;9;4.5;1;4.1;1;3.4;1;2.1;9;2.4;9;;;;;3.1;9;;;;;;;;;;;;;9.0;9;170;9;2154;9;;;;;;;;
91272001;GIF-SUR-YVETTE-INRAE;48.714333;2.151000;157;20250209;0.5;1;3.0;1;30;9;6.2;1;1500;9;4.4;1;4.6;1;3.2;1;2.4;9;2.5;9;;;;;1.9;9;;;;;;;;;;;;;6.0;9;200;9;12;9;;;;;;;;
91272001;GIF-SUR-YVETTE-INRAE;48.714333;2.151000;157;20250210;3.5;1;3.8;1;1754;9;5.2;1;1630;9;4.0;1;4.5;1;1.4;1;3.3;9;3.4;9;;;;;2.4;9;;;;;;;;;;;;;7.0;9;300;9;1954;9;;;;;;;;
91272001;GIF-SUR-YVETTE-INRAE;48.714333;2.151000;157;20250211;0.0;1;2.5;1;330;9;5.6;1;1442;9;3.1;1;4.1;1;3.1;1;-0.4;9;1.4;9;;;;;1.4;9;;;;;;;;;;;;;7.0;9;310;9;12;9;;;;;;;;
91272001;GIF-SUR-YVETTE-INRAE;48.714333;2.151000;157;20250212;0.5;1;0.8;1;148;9;4.3;1;1730;9;3.3;1;2.6;1;3.5;1;-3.9;9;-0.9;9;;;;;1.6;9;;;;;;;;;;;;;4.0;9;40;9;1424;9;;;;;;;;
91272001;GIF-SUR-YVETTE-INRAE;48.714333;2.151000;157;20250213;0.0;1;2.5;1;754;9;5.0;1;1430;9;3.8;1;3.8;1;2.5;1;0.3;9;2.0;9;;;;;1.8;9;;;;;;;;;;;;;6.0;9;50;9;1854;9;;;;;;;;
91272001;GIF-SUR-YVETTE-INRAE;48.714333;2.151000;157;20250214;0.0;1;-1.2;1;730;9;4.5;1;1436;9;1.3;1;1.7;1;5.7;1;-2.4;9;-1.7;9;;;;;2.8;9;;;;;;;;;;;;;7.0;9;100;9;1712;9;;;;;;;;
91272001;GIF-SUR-YVETTE-INRAE;48.714333;2.151000;157;20250215;0.0;1;-2.7;1;606;9;3.7;1;1500;9;0.2;1;0.5;1;6.4;1;-5.7;9;-4.1;9;;;;;2.4;9;;;;;;;;;;;;;6.0;9;90;9;1812;9;;;;;;;;
91272001;GIF-SUR-YVETTE-INRAE;48.714333;2.151000;157;20250216;0.0;1;-1.3;1;354;9;5.4;1;1530;9;1.8;1;2.1;1;6.7;1;-4.3;9;-3.1;9;;;;;2.2;9;;;;;;;;;;;;;6.0;9;30;9;1542;9;;;;;;;;
91272001;GIF-SUR-YVETTE-INRAE;48.714333;2.151000;157;20250217;0.0;1;-1.3;1;530;9;6.5;1;1512;9;1.7;1;2.6;1;7.8;1;-3.6;9;-2.5;9;;;;;1.8;9;;;;;;;;;;;;;5.0;9;60;9;1212;9;;;;;;;;
91272001;GIF-SUR-YVETTE-INRAE;48.714333;2.151000;157;20250218;0.0;1;-0.6;1;654;9;7.8;1;1518;9;2.9;1;3.6;1;8.4;1;-3.4;9;-1.3;9;;;;;3.1;9;;;;;;;;;;;;;8.0;9;110;9;1724;9;;;;;;;;
91272001;GIF-SUR-YVETTE-INRAE;48.714333;2.151000;157;20250219;0.0;1;-0.3;1;654;9;10.7;1;1918;9;5.7;1;5.2;1;11.0;1;-1.7;9;-0.9;9;;;;;2.0;9;;;;;;;;;;;;;6.0;9;100;9;106;9;;;;;;;;
91272001;GIF-SUR-YVETTE-INRAE;48.714333;2.151000;157;20250220;0.5;1;6.5;1;448;9;14.1;1;1436;9;10.3;1;10.3;1;7.6;1;1.1;9;5.0;9;;;;;2.8;9;;;;;;;;;;;;;7.0;9;210;9;830;9;;;;;;;;
91272001;GIF-SUR-YVETTE-INRAE;48.714333;2.151000;157;20250221;1.5;1;9.0;1;654;9;15.1;1;1454;9;12.5;1;12.1;1;6.1;1;5.5;9;7.1;9;;;;;2.6;9;;;;;;;;;;;;;8.0;9;130;9;1530;9;;;;;;;;
91272001;GIF-SUR-YVETTE-INRAE;48.714333;2.151000;157;20250222;1.0;1;8.9;1;718;9;14.0;1;1542;9;10.3;1;11.5;1;5.1;1;7.9;9;8.1;9;;;;;2.5;9;;;;;;;;;;;;;10.0;9;270;9;1236;9;;;;;;;;
91272001;GIF-SUR-YVETTE-INRAE;48.714333;2.151000;157;20250223;0.0;1;4.4;1;512;9;12.2;1;1406;9;9.0;1;8.3;1;7.8;1;-0.9;9;2.4;9;;;;;2.9;9;;;;;;;;;;;;;9.0;9;200;9;2318;9;;;;;;;;
91272001;GIF-SUR-YVETTE-INRAE;48.714333;2.151000;157;20250224;2.0;1;9.4;1;612;9;12.2;1;1200;9;10.1;1;10.8;1;2.8;1;7.8;9;8.9;9;;;;;3.8;9;;;;;;;;;;;;;11.0;9;180;9;1124;9;;;;;;;;
91272001;GIF-SUR-YVETTE-INRAE;48.714333;2.151000;157;20250225;25.5;1;5.8;1;1754;9;8.7;1;1136;9;7.6;1;7.3;1;2.9;1;4.9;9;5.0;9;;;;;3.8;9;;;;;;;;;;;;;14.0;9;310;9;1548;9;;;;;;;;
91272001;GIF-SUR-YVETTE-INRAE;48.714333;2.151000;157;20250226;3.0;1;2.6;1;718;9;9.2;1;1348;9;6.1;1;5.9;1;6.6;1;0.8;9;2.0;9;;;;;3.5;9;;;;;;;;;;;;;11.0;9;200;9;1424;9;;;;;;;;
91272001;GIF-SUR-YVETTE-INRAE;48.714333;2.151000;157;20250227;0.0;1;2.4;1;624;9;8.5;1;1348;9;5.6;1;5.5;1;6.1;1;-0.1;9;1.5;9;;;;;2.6;9;;;;;;;;;;;;;8.0;9;320;9;1406;9;;;;;;;;
91272001;GIF-SUR-YVETTE-INRAE;48.714333;2.151000;157;20250228;0.5;1;2.3;1;506;9;8.1;1;1518;9;5.3;1;5.2;1;5.8;1;-0.3;9;1.4;9;;;;;2.4;9;;;;;;;;;;;;;7.0;9;10;9;1130;9;;;;;;;;
91272001;GIF-SUR-YVETTE-INRAE;48.714333;2.151000;157;20250301;0.0;1;1.1;1;530;9;6.8;1;1236;9;3.7;1;4.0;1;5.7;1;-1.6;9;-0.1;9;;;;;3.7;9;;;;;;;;;;;;;10.0;9;10;9;1506;9;;;;;;;;
91272001;GIF-SUR-YVETTE-INRAE;48.714333;2.151000;157;20250302;0.0;1;0.5;1;606;9;10.3;1;1536;9;4.8;1;5.4;1;9.8;1;-1.1;9;-0.2;9;;;;;2.8;9;;;;;;;;;;;;;8.0;9;50;9;906;9;;;;;;;;
91272001;GIF-SUR-YVETTE-INRAE;48.714333;2.151000;157;20250303;0.0;1;-0.5;1;606;9;11.0;1;1542;9;5.3;1;5.3;1;11.5;1;-6.8;9;-3.0;9;;;;;1.0;9;;;;;;;;;;;;;5.0;9;330;9;1524;9;;;;;;;;
91272001;GIF-SUR-YVETTE-INRAE;48.714333;2.151000;157;20250304;0.0;1;1.4;1;548;9;12.3;1;1548;9;6.0;1;6.9;1;10.9;1;-4.5;9;-0.9;9;;;;;1.0;9;;;;;;;;;;;;;4.0;9;30;9;1548;9;;;;;;;;
91272001;GIF-SUR-YVETTE-INRAE;48.714333;2.151000;157;20250305;0.5;1;1.2;1;500;9;16.9;1;1512;9;8.6;1;9.1;1;15.7;1;-4.7;9;-1.6;9;;;;;1.0;9;;;;;;;;;;;;;5.0;9;140;9;1224;9;;;;;;;;
91272001;GIF-SUR-YVETTE-INRAE;48.714333;2.151000;157;20250306;0.0;1;3.8;1;154;9;16.6;1;1600;9;10.6;1;10.2;1;12.8;1;-2.9;9;1.7;9;;;;;1.9;9;;;;;;;;;;;;;8.0;9;190;9;1430;9;;;;;;;;
91272001;GIF-SUR-YVETTE-INRAE;48.714333;2.151000;157;20250307;0.0;1;6.7;1;642;9;16.6;1;1506;9;11.7;1;11.7;1;9.9;1;1.0;9;4.9;9;;;;;2.3;9;;;;;;;;;;;;;7.0;9;130;9;1506;9;;;;;;;;
91272001;GIF-SUR-YVETTE-INRAE;48.714333;2.151000;157;20250308;0.0;1;6.8;1;618;9;17.5;1;1442;9;12.0;1;12.2;1;10.7;1;3.4;9;5.1;9;;;;;2.6;9;;;;;;;;;;;;;8.0;9;100;9;1600;9;;;;;;;;
91272001;GIF-SUR-YVETTE-INRAE;48.714333;2.151000;157;20250309;1.5;1;6.9;1;424;9;16.6;1;1500;9;11.7;1;11.8;1;9.7;1;3.8;9;5.3;9;;;;;2.0;9;;;;;;;;;;;;;7.0;9;100;9;1600;9;;;;;;;;
91272001;GIF-SUR-YVETTE-INRAE;48.714333;2.151000;157;20250310;3.0;1;9.1;1;730;9;11.6;1;1624;9;9.7;1;10.4;1;2.5;1;5.3;9;8.2;9;;;;;1.2;9;;;;;;;;;;;;;6.0;9;200;9;1154;9;;;;;;;;
91272001;GIF-SUR-YVETTE-INRAE;48.714333;2.151000;157;20250311;1.5;1;2.6;1;618;9;10.5;1;1112;9;6.3;1;6.6;1;7.9;1;-0.9;9;1.8;9;;;;;2.6;9;;;;;;;;;;;;;8.0;9;30;9;2142;9;;;;;;;;
91272001;GIF-SUR-YVETTE-INRAE;48.714333;2.151000;157;20250312;0.0;1;2.5;1;724;9;6.3;1;1648;9;4.5;1;4.4;1;3.8;1;1.9;9;2.4;9;;;;;2.6;9;;;;;;;;;;;;;6.0;9;10;9;2212;9;;;;;;;;
91272001;GIF-SUR-YVETTE-INRAE;48.714333;2.151000;157;20250313;1.0;1;1.9;1;642;9;7.2;1;1548;9;3.9;1;4.6;1;5.3;1;-0.4;9;1.0;9;;;;;2.2;9;;;;;;;;;;;;;8.0;9;10;9;1548;9;;;;;;;;
91272001;GIF-SUR-YVETTE-INRAE;48.714333;2.151000;157;20250314;0.0;1;-0.5;1;430;9;6.1;1;1148;9;3.1;1;2.8;1;6.6;1;-4.8;9;-2.2;9;;;;;2.6;9;;;;;;;;;;;;;8.0;9;10;9;1524;9;;;;;;;;
91272001;GIF-SUR-YVETTE-INRAE;48.714333;2.151000;157;20250315;0.0;1;0.6;1;712;9;7.8;1;1442;9;4.0;1;4.2;1;7.2;1;-0.3;9;0.5;9;;;;;5.0;9;;;;;;;;;;;;;13.0;9;350;9;1742;9;;;;;;;;
91272001;GIF-SUR-YVETTE-INRAE;48.714333;2.151000;157;20250316;0.0;1;2.4;1;612;9;9.8;1;1400;9;5.7;1;6.1;1;7.4;1;1.9;9;2.2;9;;;;;3.7;9;;;;;;;;;;;;;8.0;9;60;9;2048;9;;;;;;;;
91272001;GIF-SUR-YVETTE-INRAE;48.714333;2.151000;157;20250317;0.0;1;0.7;1;548;9;11.3;1;1454;9;6.1;1;6.0;1;10.6;1;-1.7;9;-0.4;9;;;;;3.3;9;;;;;;;;;;;;;9.0;9;90;9;2054;9;;;;;;;;
91272001;GIF-SUR-YVETTE-INRAE;48.714333;2.151000;157;20250318;0.0;1;1.5;1;600;9;12.4;1;1642;9;6.8;1;7.0;1;10.9;1;-0.4;9;0.5;9;;;;;3.3;9;;;;;;;;;;;;;9.0;9;80;9;918;9;;;;;;;;
91272001;GIF-SUR-YVETTE-INRAE;48.714333;2.151000;157;20250319;0.0;1;5.9;1;542;9;17.0;1;1506;9;11.6;1;11.5;1;11.1;1;0.3;9;3.6;9;;;;;2.1;9;;;;;;;;;;;;;6.0;9;160;9;1606;9;;;;;;;;
91272001;GIF-SUR-YVETTE-INRAE;48.714333;2.151000;157;20250320;0.0;1;4.7;1;612;9;18.4;1;1430;9;12.5;1;11.6;1;13.7;1;-0.6;9;3.3;9;;;;;1.8;9;;;;;;;;;;;;;6.0;9;110;9;1542;9;;;;;;;;
91272001;GIF-SUR-YVETTE-INRAE;48.714333;2.151000;157;20250321;5.0;1;9.5;1;400;9;18.4;1;1312;9;13.3;1;14.0;1;8.9;1;7.9;9;8.7;9;;;;;2.9;9;;;;;;;;;;;;;8.0;9;140;9;1524;9;;;;;;;;
91272001;GIF-SUR-YVETTE-INRAE;48.714333;2.151000;157;20250322;8.5;1;10.3;1;554;9;17.0;1;1318;9;11.8;1;13.7;1;6.7;1;9.0;9;10.0;9;;;;;2.4;9;;;;;;;;;;;;;12.0;9;90;9;1630;9;;;;;;;;
91272001;GIF-SUR-YVETTE-INRAE;48.714333;2.151000;157;20250323;1.0;1;6.7;1;248;9;12.8;1;1400;9;9.1;1;9.8;1;6.1;1;5.3;9;6.0;9;;;;;2.1;9;;;;;;;;;;;;;8.0;9;220;9;1330;9;;;;;;;;
91272001;GIF-SUR-YVETTE-INRAE;48.714333;2.151000;157;20250324;0.0;1;7.1;1;400;9;15.3;1;1454;9;10.9;1;11.2;1;8.2;1;2.2;9;5.7;9;;;;;1.6;9;;;;;;;;;;;;;6.0;9;330;9;1518;9;;;;;;;;
91272001;GIF-SUR-YVETTE-INRAE;48.714333;2.151000;157;20250325;0.0;1;7.7;1;812;9;13.0;1;1442;9;9.6;1;10.4;1;5.3;1;8.2;9;8.3;9;;;;;2.5;9;;;;;;;;;;;;;6.0;9;280;9;1648;9;;;;;;;;
91272001;GIF-SUR-YVETTE-INRAE;48.714333;2.151000;157;20250326;0.5;1;7.7;1;106;9;14.0;1;1536;9;9.6;1;10.9;1;6.3;1;4.7;9;6.6;9;;;;;2.3;9;;;;;;;;;;;;;6.0;9;20;9;1606;9;;;;;;;;
91272001;GIF-SUR-YVETTE-INRAE;48.714333;2.151000;157;20250327;0.0;1;3.4;1;442;9;15.2;1;1642;9;9.2;1;9.3;1;11.8;1;-1.8;9;1.1;9;;;;;1.6;9;;;;;;;;;;;;;6.0;9;20;9;1430;9;;;;;;;;
91272001;GIF-SUR-YVETTE-INRAE;48.714333;2.151000;157;20250328;4.0;1;4.4;1;742;9;11.8;1;1330;9;7.7;1;8.1;1;7.4;1;-0.5;9;3.3;9;;;;;2.6;9;;;;;;;;;;;;;8.0;9;300;9;2248;9;;;;;;;;
91272001;GIF-SUR-YVETTE-INRAE;48.714333;2.151000;157;20250329;0.0;1;5.2;1;554;9;12.9;1;1542;9;8.8;1;9.1;1;7.7;1;2.9;9;4.5;9;;;;;3.0;9;;;;;;;;;;;;;10.0;9;350;9;1412;9;;;;;;;;
91272001;GIF-SUR-YVETTE-INRAE;48.714333;2.151000;157;20250330;0.0;1;5.4;1;48;9;15.5;1;1448;9;10.1;1;10.5;1;10.1;1;-0.8;9;2.8;9;;;;;2.8;9;;;;;;;;;;;;;10.0;9;320;9;1324;9;;;;;;;;
91272001;GIF-SUR-YVETTE-INRAE;48.714333;2.151000;157;20250331;0.0;1;3.9;1;542;9;14.9;1;1548;9;9.7;1;9.4;1;11.0;1;-1.1;9;1.7;9;;;;;2.6;9;;;;;;;;;;;;;7.0;9;60;9;1700;9;;;;;;;;
91272001;GIF-SUR-YVETTE-INRAE;48.714333;2.151000;157;20250401;0.0;1;5.0;1;536;9;14.8;1;1412;9;9.8;1;9.9;1;9.8;1;1.2;9;3.3;9;;;;;5.2;9;;;;;;;;;;;;;14.0;9;60;9;1630;9;;;;;;;;
91272001;GIF-SUR-YVETTE-INRAE;48.714333;2.151000;157;20250402;0.0;1;5.7;1;512;9;16.8;1;1612;9;11.3;1;11.3;1;11.1;1;4.3;9;5.1;9;;;;;3.9;9;;;;;;;;;;;;;9.0;9;130;9;1706;9;;;;;;;;
91272001;GIF-SUR-YVETTE-INRAE;48.714333;2.151000;157;20250403;0.0;1;7.2;1;118;9;21.1;1;1530;9;14.6;1;14.2;1;13.9;1;1.6;9;5.1;9;;;;;2.5;9;;;;;;;;;;;;;9.0;9;120;9;1336;9;;;;;;;;
91272001;GIF-SUR-YVETTE-INRAE;48.714333;2.151000;157;20250404;0.0;1;10.1;1;236;9;23.3;1;1330;9;16.2;1;16.7;1;13.2;1;4.5;9;8.1;9;;;;;2.6;9;;;;;;;;;;;;;9.0;9;70;9;1348;9;;;;;;;;
91272001;GIF-SUR-YVETTE-INRAE;48.714333;2.151000;157;20250405;0.0;1;9.6;1;430;9;24.0;1;1512;9;17.1;1;16.8;1;14.4;1;2.8;9;6.4;9;;;;;2.5;9;;;;;;;;;;;;;7.0;9;30;9;2006;9;;;;;;;;
91272001;GIF-SUR-YVETTE-INRAE;48.714333;2.151000;157;20250406;0.0;1;8.6;1;530;9;18.1;1;1548;9;13.0;1;13.4;1;9.5;1;5.6;9;7.3;9;;;;;3.3;9;;;;;;;;;;;;;12.0;9;90;9;1412;9;;;;;;;;
91272001;GIF-SUR-YVETTE-INRAE;48.714333;2.151000;157;20250407;0.0;1;4.0;1;306;9;16.5;1;1606;9;10.3;1;10.3;1;12.5;1;-3.5;9;1.0;9;;;;;1.9;9;;;;;;;;;;;;;7.0;9;50;9;1542;9;;;;;;;;
91272001;GIF-SUR-YVETTE-INRAE;48.714333;2.151000;157;20250408;0.0;1;3.7;1;542;9;17.5;1;1454;9;11.3;1;10.6;1;13.8;1;-3.1;9;0.7;9;;;;;1.3;9;;;;;;;;;;;;;6.0;9;70;9;1412;9;;;;;;;;
91272001;GIF-SUR-YVETTE-INRAE;48.714333;2.151000;157;20250409;0.0;1;6.2;1;524;9;17.8;1;1518;9;12.0;1;12.0;1;11.6;1;1.1;9;3.9;9;;;;;2.9;9;;;;;;;;;;;;;8.0;9;20;9;1718;9;;;;;;;;
91272001;GIF-SUR-YVETTE-INRAE;48.714333;2.151000;157;20250410;0.0;1;4.9;1;518;9;15.8;1;1542;9;10.1;1;10.4;1;10.9;1;3.1;9;4.1;9;;;;;2.7;9;;;;;;;;;;;;;8.0;9;20;9;54;9;;;;;;;;
91272001;GIF-SUR-YVETTE-INRAE;48.714333;2.151000;157;20250411;0.0;1;4.5;1;518;9;20.1;1;1606;9;12.7;1;12.3;1;15.6;1;-1.8;9;1.2;9;;;;;1.6;9;;;;;;;;;;;;;6.0;9;110;9;1700;9;;;;;;;;
91272001;GIF-SUR-YVETTE-INRAE;48.714333;2.151000;157;20250412;4.5;1;7.8;1;512;9;21.0;1;1236;9;13.6;1;14.4;1;13.2;1;2.0;9;5.0;9;;;;;2.9;9;;;;;;;;;;;;;9.0;9;200;9;1330;9;;;;;;;;
91272001;GIF-SUR-YVETTE-INRAE;48.714333;2.151000;157;20250413;0.0;1;11.4;1;612;9;16.3;1;1600;9;12.8;1;13.9;1;4.9;1;11.0;9;11.1;9;;;;;3.0;9;;;;;;;;;;;;;8.0;9;210;9;1548;9;;;;;;;;
91272001;GIF-SUR-YVETTE-INRAE;48.714333;2.151000;157;20250414;1.0;1;5.1;1;348;9;18.8;1;1542;9;12.9;1;12.0;1;13.7;1;0.4;9;3.1;9;;;;;1.7;9;;;;;;;;;;;;;8.0;9;130;9;1306;9;;;;;;;;
91272001;GIF-SUR-YVETTE-INRAE;48.714333;2.151000;157;20250415;0.0;1;11.1;1;500;9;16.2;1;1042;9;12.8;1;13.7;1;5.1;1;9.2;9;10.6;9;;;;;3.5;9;;;;;;;;;;;;;13.0;9;210;9;1418;9;;;;;;;;
91272001;GIF-SUR-YVETTE-INRAE;48.714333;2.151000;157;20250416;;;;;;;;;;;9.8;1;;;;;;;;;;;;;1.9;9;;;;;;;;;;;;;;;;;;;;;;;;;;
91272001;GIF-SUR-YVETTE-INRAE;48.714333;2.151000;157;20250417;0.0;1;3.8;1;500;9;16.4;1;1536;9;10.7;1;10.1;1;12.6;1;-1.2;9;1.1;9;;;;;1.4;9;;;;;;;;;;;;;6.0;9;70;9;1406;9;;;;;;;;
