NUM_POSTE;NOM_USUEL;LAT;LON;ALTI;AAAAMMJJ;RR;QRR;TN;QTN;HTN;QHTN;TX;QTX;HTX;QHTX;TM;QTM;TNTXM;QTNTXM;TAMPLI;QTAMPLI;TNSOL;QTNSOL;TN50;QTN50;FF2M;QFF2M;FXI2;QFXI2;DXI2;QDXI2;HXI2;QHXI2
91272001;GIF-SUR-YVETTE-INRAE;48.714333;2.151;157;20240101;11.5;1.0;4.5;1.0;724.0;9.0;10.4;1.0;318.0;9.0;7.2;1;7.5;1.0;5.9;1.0;3.6;9.0;4.0;9.0;4.1;9;14.0;9.0;360.0;9.0;2306.0;9.0
91272001;GIF-SUR-YVETTE-INRAE;48.714333;2.151;157;20240102;18.0;1.0;9.3;1.0;654.0;9.0;11.1;1.0;1836.0;9.0;10.2;1;10.2;1.0;1.8;1.0;7.3;9.0;7.4;9.0;6.7;9;19.0;9.0;90.0;9.0;1312.0;9.0
91272001;GIF-SUR-YVETTE-INRAE;48.714333;2.151;157;20240103;8.5;1.0;8.6;1.0;1306.0;9.0;11.3;1.0;1142.0;9.0;9.6;1;10.0;1.0;2.7;1.0;7.7;9.0;7.7;9.0;4.6;9;13.0;9.0;360.0;9.0;1248.0;9.0
91272001;GIF-SUR-YVETTE-INRAE;48.714333;2.151;157;20240104;0.0;1.0;6.2;1.0;800.0;9.0;10.5;1.0;1900.0;9.0;8.5;1;8.4;1.0;4.3;1.0;5.4;9.0;5.8;9.0;4.1;9;13.0;9.0;60.0;9.0;1954.0;9.0
91272001;GIF-SUR-YVETTE-INRAE;48.714333;2.151;157;20240105;1.0;1.0;4.6;1.0;842.0;9.0;9.3;1.0;1306.0;9.0;6.4;1;7.0;1.0;4.7;1.0;1.7;9.0;2.8;9.0;2.4;9;12.0;9.0;360.0;9.0;118.0;9.0
91272001;GIF-SUR-YVETTE-INRAE;48.714333;2.151;157;20240106;0.5;1.0;2.9;1.0;306.0;9.0;7.0;1.0;1242.0;9.0;4.5;1;5.0;1.0;4.1;1.0;0.0;9.0;1.2;9.0;2.5;9;10.0;9.0;360.0;9.0;2000.0;9.0
91272001;GIF-SUR-YVETTE-INRAE;48.714333;2.151;157;20240107;0.0;1.0;1.9;1.0;1754.0;9.0;2.9;1.0;1148.0;9.0;2.2;1;2.4;1.0;1.0;1.0;1.1;9.0;1.6;9.0;3.7;9;9.0;9.0;360.0;9.0;2336.0;9.0
91272001;GIF-SUR-YVETTE-INRAE;48.714333;2.151;157;20240108;0.0;1.0;-2.5;1.0;1230.0;9.0;-1.5;1.0;1536.0;9.0;-1.9;1;-2.0;1.0;1.0;1.0;-2.2;9.0;-2.1;9.0;3.9;9;10.0;9.0;360.0;9.0;430.0;9.0
91272001;GIF-SUR-YVETTE-INRAE;48.714333;2.151;157;20240109;0.0;1.0;-3.8;1.0;1754.0;9.0;-2.5;1.0;1118.0;9.0;-3.0;1;-3.2;1.0;1.3;1.0;-4.2;9.0;-4.0;9.0;2.7;9;6.0;9.0;360.0;9.0;1936.0;9.0
91272001;GIF-SUR-YVETTE-INRAE;48.714333;2.151;157;20240110;0.0;1.0;-3.2;1.0;6.0;9.0;-0.4;1.0;1412.0;9.0;-1.9;1;-1.8;1.0;2.8;1.0;-4.3;9.0;-4.0;9.0;1.9;9;4.0;9.0;360.0;9.0;1948.0;9.0
91272001;GIF-SUR-YVETTE-INRAE;48.714333;2.151;157;20240111;0.0;1.0;-2.9;1.0;424.0;9.0;1.5;1.0;554.0;9.0;-0.9;1;-0.7;1.0;4.4;1.0;-4.7;9.0;-3.8;9.0;3.1;9;8.0;9.0;360.0;9.0;2100.0;9.0
91272001;GIF-SUR-YVETTE-INRAE;48.714333;2.151;157;20240112;0.0;1.0;-1.0;1.0;0.0;9.0;1.9;1.0;812.0;9.0;0.7;1;0.5;1.0;2.9;1.0;-3.2;9.0;-2.5;9.0;2.9;9;7.0;9.0;360.0;9.0;900.0;9.0
91272001;GIF-SUR-YVETTE-INRAE;48.714333;2.151;157;20240113;0.0;1.0;-3.0;1.0;1612.0;9.0;-1.9;1.0;748.0;9.0;-2.4;1;-2.5;1.0;1.1;1.0;-2.6;9.0;-2.9;9.0;1.3;9;4.0;9.0;360.0;9.0;2342.0;9.0
91272001;GIF-SUR-YVETTE-INRAE;48.714333;2.151;157;20240114;0.0;1.0;-4.4;1.0;554.0;9.0;-0.6;1.0;554.0;9.0;-3.1;1;-2.5;1.0;3.8;1.0;-4.1;9.0;-4.3;9.0;1.6;9;5.0;9.0;360.0;9.0;1712.0;9.0
91272001;GIF-SUR-YVETTE-INRAE;48.714333;2.151;157;20240115;0.5;1.0;-1.9;1.0;142.0;9.0;4.5;1.0;1242.0;9.0;0.2;1;1.3;1.0;6.4;1.0;-4.5;9.0;-2.4;9.0;1.8;9;7.0;9.0;360.0;9.0;1300.0;9.0
91272001;GIF-SUR-YVETTE-INRAE;48.714333;2.151;157;20240116;0.0;2.0;-4.6;1.0;654.0;9.0;4.1;1.0;1154.0;9.0;-1.3;1;-0.3;1.0;8.7;1.0;-8.6;9.0;-6.6;9.0;1.2;9;5.0;9.0;120.0;9.0;2054.0;9.0
91272001;GIF-SUR-YVETTE-INRAE;48.714333;2.151;157;20240117;14.5;1.0;-1.3;1.0;154.0;9.0;10.9;1.0;1324.0;9.0;1.4;1;4.8;1.0;12.2;1.0;-1.5;9.0;-1.6;9.0;2.4;9;12.0;9.0;220.0;9.0;1254.0;9.0
91272001;GIF-SUR-YVETTE-INRAE;48.714333;2.151;157;20240118;0.0;1.0;-1.0;1.0;830.0;9.0;2.4;1.0;1412.0;9.0;-0.3;1;0.7;1.0;3.4;1.0;-3.1;9.0;-1.8;9.0;2.9;9;10.0;9.0;360.0;9.0;506.0;9.0
91272001;GIF-SUR-YVETTE-INRAE;48.714333;2.151;157;20240119;0.0;1.0;-4.1;1.0;542.0;9.0;3.6;1.0;1318.0;9.0;-1.2;1;-0.3;1.0;7.7;1.0;-7.6;9.0;-5.5;9.0;1.5;9;4.0;9.0;360.0;9.0;2318.0;9.0
91272001;GIF-SUR-YVETTE-INRAE;48.714333;2.151;157;20240120;0.0;1.0;-4.4;1.0;748.0;9.0;2.4;1.0;1430.0;9.0;-1.2;1;-1.0;1.0;6.8;1.0;-6.8;9.0;-5.5;9.0;1.9;9;7.0;9.0;360.0;9.0;2354.0;9.0
91272001;GIF-SUR-YVETTE-INRAE;48.714333;2.151;157;20240121;0.0;1.0;-1.5;1.0;100.0;9.0;10.4;1.0;518.0;9.0;3.5;1;4.5;1.0;11.9;1.0;-2.0;9.0;-1.7;9.0;5.1;9;18.0;9.0;60.0;9.0;2342.0;9.0
91272001;GIF-SUR-YVETTE-INRAE;48.714333;2.151;157;20240122;0.5;1.0;8.9;1.0;42.0;9.0;12.6;1.0;1212.0;9.0;9.9;1;10.8;1.0;3.7;1.0;5.9;9.0;6.2;9.0;6.0;9;18.0;9.0;60.0;9.0;212.0;9.0
91272001;GIF-SUR-YVETTE-INRAE;48.714333;2.151;157;20240123;0.5;1.0;6.1;1.0;412.0;9.0;12.8;1.0;554.0;9.0;8.9;1;9.5;1.0;6.7;1.0;4.9;9.0;5.5;9.0;4.5;9;13.0;9.0;250.0;9.0;2354.0;9.0
91272001;GIF-SUR-YVETTE-INRAE;48.714333;2.151;157;20240124;2.0;1.0;10.8;1.0;1018.0;9.0;14.1;1.0;1306.0;9.0;12.4;1;12.5;1.0;3.3;1.0;9.8;9.0;9.9;9.0;3.7;9;13.0;9.0;230.0;9.0;118.0;9.0
91272001;GIF-SUR-YVETTE-INRAE;48.714333;2.151;157;20240125;0.5;1.0;9.4;1.0;412.0;9.0;12.4;1.0;1312.0;9.0;10.6;1;10.9;1.0;3.0;1.0;9.1;9.0;9.2;9.0;1.9;9;7.0;9.0;30.0;9.0;1548.0;9.0
91272001;GIF-SUR-YVETTE-INRAE;48.714333;2.151;157;20240126;1.5;1.0;6.0;1.0;1754.0;9.0;11.4;1.0;1300.0;9.0;8.4;1;8.7;1.0;5.4;1.0;-0.1;9.0;2.9;9.0;2.9;9;10.0;9.0;300.0;9.0;1018.0;9.0
91272001;GIF-SUR-YVETTE-INRAE;48.714333;2.151;157;20240127;0.5;1.0;-0.9;1.0;736.0;9.0;7.0;1.0;1448.0;9.0;3.0;1;3.1;1.0;7.9;1.0;-5.5;9.0;-3.2;9.0;1.4;9;5.0;9.0;360.0;9.0;1806.0;9.0
91272001;GIF-SUR-YVETTE-INRAE;48.714333;2.151;157;20240128;0.0;1.0;0.1;1.0;200.0;9.0;8.2;1.0;1506.0;9.0;4.6;1;4.2;1.0;8.1;1.0;-2.9;9.0;-1.5;9.0;2.0;9;6.0;9.0;360.0;9.0;406.0;9.0
91272001;GIF-SUR-YVETTE-INRAE;48.714333;2.151;157;20240129;0.0;1.0;5.1;1.0;724.0;9.0;12.7;1.0;1400.0;9.0;9.2;1;8.9;1.0;7.6;1.0;3.5;9.0;4.3;9.0;2.7;9;7.0;9.0;60.0;9.0;1254.0;9.0
91272001;GIF-SUR-YVETTE-INRAE;48.714333;2.151;157;20240130;0.0;1.0;8.5;1.0;1754.0;9.0;11.2;1.0;1200.0;9.0;9.3;1;9.9;1.0;2.7;1.0;5.3;9.0;6.9;9.0;2.2;9;8.0;9.0;360.0;9.0;518.0;9.0
91272001;GIF-SUR-YVETTE-INRAE;48.714333;2.151;157;20240131;0.5;1.0;4.5;1.0;724.0;9.0;9.7;1.0;1442.0;9.0;7.0;1;7.1;1.0;5.2;1.0;-0.4;9.0;1.6;9.0;1.8;9;7.0;9.0;360.0;9.0;2154.0;9.0
91272001;GIF-SUR-YVETTE-INRAE;48.714333;2.151;157;20240201;0.5;1.0;8.0;1.0;1742.0;9.0;10.9;1.0;1506.0;9.0;8.6;1;9.5;1.0;2.9;1.0;4.6;9.0;5.6;9.0;1.9;9;6.0;9.0;360.0;9.0;406.0;9.0
91272001;GIF-SUR-YVETTE-INRAE;48.714333;2.151;157;20240202;0.5;1.0;2.8;1.0;548.0;9.0;8.4;1.0;1442.0;9.0;5.4;1;5.6;1.0;5.6;1.0;2.0;9.0;2.6;9.0;2.4;9;6.0;9.0;360.0;9.0;1754.0;9.0
91272001;GIF-SUR-YVETTE-INRAE;48.714333;2.151;157;20240203;0.0;1.0;7.2;1.0;30.0;9.0;9.6;1.0;1524.0;9.0;8.5;1;8.4;1.0;2.4;1.0;5.8;9.0;5.7;9.0;2.0;9;6.0;9.0;360.0;9.0;1542.0;9.0
91272001;GIF-SUR-YVETTE-INRAE;48.714333;2.151;157;20240204;0.0;1.0;8.0;1.0;800.0;9.0;9.7;1.0;1054.0;9.0;8.5;1;8.9;1.0;1.7;1.0;7.6;9.0;7.7;9.0;2.9;9;8.0;9.0;10.0;9.0;1230.0;9.0
91272001;GIF-SUR-YVETTE-INRAE;48.714333;2.151;157;20240205;0.0;1.0;6.7;1.0;1754.0;9.0;7.9;1.0;600.0;9.0;7.3;1;7.3;1.0;1.2;1.0;6.5;9.0;6.6;9.0;3.3;9;8.0;9.0;360.0;9.0;2200.0;9.0
91272001;GIF-SUR-YVETTE-INRAE;48.714333;2.151;157;20240206;1.0;1.0;6.2;1.0;12.0;9.0;10.9;1.0;1430.0;9.0;9.0;1;8.6;1.0;4.7;1.0;6.0;9.0;6.0;9.0;4.8;9;11.0;9.0;90.0;9.0;1106.0;9.0
91272001;GIF-SUR-YVETTE-INRAE;48.714333;2.151;157;20240207;8.5;1.0;9.9;1.0;1430.0;9.0;11.8;1.0;548.0;9.0;10.6;1;10.9;1.0;1.9;1.0;8.9;9.0;8.9;9.0;5.3;9;12.0;9.0;360.0;9.0;1312.0;9.0
91272001;GIF-SUR-YVETTE-INRAE;48.714333;2.151;157;20240208;5.0;1.0;10.7;1.0;1736.0;9.0;12.7;1.0;1242.0;9.0;11.3;1;11.7;1.0;2.0;1.0;9.9;9.0;10.1;9.0;5.0;9;13.0;9.0;60.0;9.0;954.0;9.0
91272001;GIF-SUR-YVETTE-INRAE;48.714333;2.151;157;20240209;0.0;1.0;9.8;1.0;0.0;9.0;12.6;1.0;1224.0;9.0;10.6;1;11.2;1.0;2.8;1.0;8.7;9.0;8.8;9.0;4.7;9;12.0;9.0;90.0;9.0;600.0;9.0
91272001;GIF-SUR-YVETTE-INRAE;48.714333;2.151;157;20240210;6.5;1.0;6.4;1.0;1754.0;9.0;9.5;1.0;1342.0;9.0;7.4;1;8.0;1.0;3.1;1.0;4.7;9.0;5.6;9.0;1.8;9;9.0;9.0;360.0;9.0;1448.0;9.0
91272001;GIF-SUR-YVETTE-INRAE;48.714333;2.151;157;20240211;1.0;1.0;6.7;1.0;18.0;9.0;9.7;1.0;1448.0;9.0;7.9;1;8.2;1.0;3.0;1.0;5.4;9.0;5.7;9.0;4.0;9;10.0;9.0;360.0;9.0;1548.0;9.0
91272001;GIF-SUR-YVETTE-INRAE;48.714333;2.151;157;20240212;1.0;1.0;4.3;1.0;212.0;9.0;10.6;1.0;1412.0;9.0;6.3;1;7.5;1.0;6.3;1.0;2.8;9.0;3.8;9.0;1.7;9;6.0;9.0;360.0;9.0;1618.0;9.0
91272001;GIF-SUR-YVETTE-INRAE;48.714333;2.151;157;20240213;0.5;1.0;2.9;1.0;148.0;9.0;9.7;1.0;554.0;9.0;6.7;1;6.3;1.0;6.8;1.0;0.0;9.0;1.2;9.0;3.1;9;10.0;9.0;360.0;9.0;1812.0;9.0
91272001;GIF-SUR-YVETTE-INRAE;48.714333;2.151;157;20240214;0.5;1.0;8.8;1.0;0.0;9.0;14.2;1.0;1412.0;9.0;11.6;1;11.5;1.0;5.4;1.0;7.5;9.0;7.6;9.0;3.2;9;9.0;9.0;90.0;9.0;1118.0;9.0
91272001;GIF-SUR-YVETTE-INRAE;48.714333;2.151;157;20240215;0.0;1.0;7.8;1.0;624.0;9.0;17.4;1.0;1442.0;9.0;13.4;1;12.6;1.0;9.6;1.0;4.6;9.0;6.1;9.0;2.5;9;8.0;9.0;190.0;9.0;2354.0;9.0
91272001;GIF-SUR-YVETTE-INRAE;48.714333;2.151;157;20240216;0.0;1.0;9.8;1.0;1754.0;9.0;13.2;1.0;636.0;9.0;11.8;1;11.5;1.0;3.4;1.0;7.2;9.0;8.7;9.0;3.3;9;9.0;9.0;90.0;9.0;624.0;9.0
91272001;GIF-SUR-YVETTE-INRAE;48.714333;2.151;157;20240217;0.0;1.0;8.4;1.0;712.0;9.0;13.9;1.0;1448.0;9.0;10.3;1;11.2;1.0;5.5;1.0;6.2;9.0;7.6;9.0;1.6;9;6.0;9.0;30.0;9.0;1300.0;9.0
91272001;GIF-SUR-YVETTE-INRAE;48.714333;2.151;157;20240218;4.5;1.0;6.5;1.0;454.0;9.0;11.4;1.0;1954.0;9.0;8.9;1;9.0;1.0;4.9;1.0;5.9;9.0;6.3;9.0;3.2;9;9.0;9.0;360.0;9.0;1242.0;9.0
91272001;GIF-SUR-YVETTE-INRAE;48.714333;2.151;157;20240219;0.5;1.0;8.9;1.0;1730.0;9.0;10.3;1.0;1000.0;9.0;9.4;1;9.6;1.0;1.4;1.0;6.2;9.0;7.6;9.0;2.4;9;8.0;9.0;360.0;9.0;1306.0;9.0
91272001;GIF-SUR-YVETTE-INRAE;48.714333;2.151;157;20240220;0.0;1.0;6.0;1.0;624.0;9.0;9.3;1.0;1536.0;9.0;7.1;1;7.7;1.0;3.3;1.0;5.0;9.0;6.0;9.0;2.3;9;6.0;9.0;360.0;9.0;1900.0;9.0
91272001;GIF-SUR-YVETTE-INRAE;48.714333;2.151;157;20240221;12.0;1.0;5.8;1.0;218.0;9.0;11.6;1.0;548.0;9.0;8.1;1;8.7;1.0;5.8;1.0;5.0;9.0;5.4;9.0;4.4;9;13.0;9.0;360.0;9.0;1830.0;9.0
91272001;GIF-SUR-YVETTE-INRAE;48.714333;2.151;157;20240222;16.0;1.0;6.5;1.0;1548.0;9.0;12.8;1.0;1324.0;9.0;9.7;1;9.7;1.0;6.3;1.0;5.5;9.0;5.5;9.0;6.0;9;18.0;9.0;360.0;9.0;1542.0;9.0
91272001;GIF-SUR-YVETTE-INRAE;48.714333;2.151;157;20240223;1.0;1.0;3.7;1.0;636.0;9.0;8.5;1.0;1324.0;9.0;5.1;1;6.1;1.0;4.8;1.0;2.9;9.0;3.3;9.0;4.2;9;10.0;9.0;360.0;9.0;1642.0;9.0
91272001;GIF-SUR-YVETTE-INRAE;48.714333;2.151;157;20240224;4.5;1.0;2.7;1.0;642.0;9.0;7.9;1.0;1342.0;9.0;4.8;1;5.3;1.0;5.2;1.0;2.0;9.0;2.5;9.0;3.9;9;12.0;9.0;360.0;9.0;1606.0;9.0
91272001;GIF-SUR-YVETTE-INRAE;48.714333;2.151;157;20240225;8.0;1.0;4.0;1.0;454.0;9.0;8.3;1.0;200.0;9.0;6.1;1;6.2;1.0;4.3;1.0;4.0;9.0;4.0;9.0;3.6;9;10.0;9.0;360.0;9.0;1212.0;9.0
91272001;GIF-SUR-YVETTE-INRAE;48.714333;2.151;157;20240226;9.5;1.0;5.1;1.0;1754.0;9.0;9.7;1.0;1142.0;9.0;6.8;1;7.4;1.0;4.6;1.0;4.7;9.0;4.6;9.0;4.0;9;14.0;9.0;360.0;9.0;1830.0;9.0
91272001;GIF-SUR-YVETTE-INRAE;48.714333;2.151;157;20240227;0.0;1.0;4.0;1.0;800.0;9.0;8.6;1.0;1554.0;9.0;5.5;1;6.3;1.0;4.6;1.0;3.9;9.0;4.0;9.0;3.7;9;10.0;9.0;360.0;9.0;112.0;9.0
91272001;GIF-SUR-YVETTE-INRAE;48.714333;2.151;157;20240228;0.0;1.0;-0.1;1.0;648.0;9.0;9.1;1.0;1348.0;9.0;5.5;1;4.5;1.0;9.2;1.0;-3.8;9.0;-1.8;9.0;1.9;9;6.0;9.0;360.0;9.0;2354.0;9.0
91272001;GIF-SUR-YVETTE-INRAE;48.714333;2.151;157;20240229;3.5;1.0;7.3;1.0;830.0;9.0;10.2;1.0;1736.0;9.0;8.4;1;8.8;1.0;2.9;1.0;5.5;9.0;6.1;9.0;3.7;9;10.0;9.0;360.0;9.0;2218.0;9.0
91272001;GIF-SUR-YVETTE-INRAE;48.714333;2.151;157;20240301;6.0;1.0;3.9;1.0;654.0;9.0;10.2;1.0;1436.0;9.0;6.5;1;7.1;1.0;6.3;1.0;3.2;9.0;3.6;9.0;4.6;9;15.0;9.0;360.0;9.0;1118.0;9.0
91272001;GIF-SUR-YVETTE-INRAE;48.714333;2.151;157;20240302;13.5;1.0;4.1;1.0;418.0;9.0;7.4;1.0;1436.0;9.0;5.5;1;5.8;1.0;3.3;1.0;3.2;9.0;3.7;9.0;2.8;9;10.0;9.0;360.0;9.0;1100.0;9.0
91272001;GIF-SUR-YVETTE-INRAE;48.714333;2.151;157;20240303;0.5;1.0;4.0;1.0;718.0;9.0;8.6;1.0;1530.0;9.0;5.4;1;6.3;1.0;4.6;1.0;2.1;9.0;3.6;9.0;1.4;9;6.0;9.0;360.0;9.0;1524.0;9.0
91272001;GIF-SUR-YVETTE-INRAE;48.714333;2.151;157;20240304;0.5;1.0;-0.2;1.0;418.0;9.0;10.3;1.0;1400.0;9.0;5.8;1;5.1;1.0;10.5;1.0;-4.0;9.0;-1.8;9.0;1.9;9;9.0;9.0;360.0;9.0;2030.0;9.0
91272001;GIF-SUR-YVETTE-INRAE;48.714333;2.151;157;20240305;4.5;1.0;5.5;1.0;48.0;9.0;10.0;1.0;1412.0;9.0;6.3;1;7.8;1.0;4.5;1.0;4.8;9.0;5.0;9.0;2.9;9;8.0;9.0;360.0;9.0;1306.0;9.0
91272001;GIF-SUR-YVETTE-INRAE;48.714333;2.151;157;20240306;0.0;1.0;4.0;1.0;630.0;9.0;9.8;1.0;1448.0;9.0;6.2;1;6.9;1.0;5.8;1.0;1.9;9.0;3.1;9.0;1.2;9;4.0;9.0;90.0;9.0;1000.0;9.0
91272001;GIF-SUR-YVETTE-INRAE;48.714333;2.151;157;20240307;0.5;1.0;1.2;1.0;448.0;9.0;12.2;1.0;1448.0;9.0;6.8;1;6.7;1.0;11.0;1.0;-4.0;9.0;-1.1;9.0;2.7;9;8.0;9.0;90.0;9.0;1548.0;9.0
91272001;GIF-SUR-YVETTE-INRAE;48.714333;2.151;157;20240308;0.0;1.0;2.4;1.0;612.0;9.0;12.8;1.0;1518.0;9.0;7.9;1;7.6;1.0;10.4;1.0;1.3;9.0;2.0;9.0;3.8;9;12.0;9.0;90.0;9.0;2148.0;9.0
91272001;GIF-SUR-YVETTE-INRAE;48.714333;2.151;157;20240309;5.0;1.0;4.9;1.0;642.0;9.0;12.8;1.0;1136.0;9.0;7.9;1;8.9;1.0;7.9;1.0;3.3;9.0;4.3;9.0;2.6;9;8.0;9.0;360.0;9.0;1224.0;9.0
91272001;GIF-SUR-YVETTE-INRAE;48.714333;2.151;157;20240310;0.0;1.0;6.5;1.0;748.0;9.0;9.9;1.0;1554.0;9.0;7.3;1;8.2;1.0;3.4;1.0;5.9;9.0;6.0;9.0;1.6;9;4.0;9.0;360.0;9.0;1636.0;9.0
91272001;GIF-SUR-YVETTE-INRAE;48.714333;2.151;157;20240311;1.5;1.0;4.3;1.0;218.0;9.0;12.3;1.0;1130.0;9.0;7.7;1;8.3;1.0;8.0;1.0;0.0;9.0;3.2;9.0;2.5;9;9.0;9.0;360.0;9.0;1524.0;9.0
91272001;GIF-SUR-YVETTE-INRAE;48.714333;2.151;157;20240312;6.5;1.0;6.4;1.0;718.0;9.0;11.2;1.0;1754.0;9.0;8.9;1;8.8;1.0;4.8;1.0;5.7;9.0;6.2;9.0;2.7;9;8.0;9.0;360.0;9.0;1548.0;9.0
91272001;GIF-SUR-YVETTE-INRAE;48.714333;2.151;157;20240313;0.0;1.0;9.3;1.0;424.0;9.0;12.3;1.0;1454.0;9.0;10.4;1;10.8;1.0;3.0;1.0;8.2;9.0;8.8;9.0;2.2;9;7.0;9.0;360.0;9.0;1454.0;9.0
91272001;GIF-SUR-YVETTE-INRAE;48.714333;2.151;157;20240314;0.5;1.0;5.6;1.0;636.0;9.0;17.2;1.0;1530.0;9.0;11.7;1;11.4;1.0;11.6;1.0;0.4;9.0;4.0;9.0;2.4;9;8.0;9.0;360.0;9.0;2354.0;9.0
91272001;GIF-SUR-YVETTE-INRAE;48.714333;2.151;157;20240315;6.5;1.0;11.5;1.0;1724.0;9.0;15.7;1.0;1442.0;9.0;12.7;1;13.6;1.0;4.2;1.0;10.6;9.0;10.6;9.0;4.0;9;10.0;9.0;360.0;9.0;1430.0;9.0
91272001;GIF-SUR-YVETTE-INRAE;48.714333;2.151;157;20240316;0.5;1.0;9.0;1.0;654.0;9.0;14.4;1.0;1530.0;9.0;11.2;1;11.7;1.0;5.4;1.0;7.9;9.0;8.3;9.0;2.1;9;9.0;9.0;270.0;9.0;230.0;9.0
91272001;GIF-SUR-YVETTE-INRAE;48.714333;2.151;157;20240317;2.5;1.0;9.5;1.0;518.0;9.0;14.6;1.0;1606.0;9.0;11.6;1;12.1;1.0;5.1;1.0;8.1;9.0;8.9;9.0;1.7;9;6.0;9.0;230.0;9.0;1348.0;9.0
91272001;GIF-SUR-YVETTE-INRAE;48.714333;2.151;157;20240318;0.0;1.0;10.4;1.0;630.0;9.0;15.8;1.0;1618.0;9.0;12.8;1;13.1;1.0;5.4;1.0;8.6;9.0;9.7;9.0;1.3;9;5.0;9.0;240.0;9.0;1354.0;9.0
91272001;GIF-SUR-YVETTE-INRAE;48.714333;2.151;157;20240319;0.0;1.0;6.8;1.0;254.0;9.0;16.9;1.0;1542.0;9.0;11.3;1;11.9;1.0;10.1;1.0;1.9;9.0;5.0;9.0;0.9;9;6.0;9.0;270.0;9.0;1206.0;9.0
91272001;GIF-SUR-YVETTE-INRAE;48.714333;2.151;157;20240320;0.0;1.0;6.3;1.0;318.0;9.0;19.6;1.0;1348.0;9.0;13.0;1;13.0;1.0;13.3;1.0;1.1;9.0;4.2;9.0;0.7;9;4.0;9.0;110.0;9.0;1542.0;9.0
91272001;GIF-SUR-YVETTE-INRAE;48.714333;2.151;157;20240321;0.0;1.0;7.3;1.0;600.0;9.0;19.5;1.0;1454.0;9.0;13.2;1;13.4;1.0;12.2;1.0;3.3;9.0;6.2;9.0;0.9;9;4.0;9.0;330.0;9.0;1554.0;9.0
91272001;GIF-SUR-YVETTE-INRAE;48.714333;2.151;157;20240322;3.0;1.0;6.7;1.0;530.0;9.0;17.5;1.0;1518.0;9.0;11.7;1;12.1;1.0;10.8;1.0;1.2;9.0;4.8;9.0;1.8;9;8.0;9.0;360.0;9.0;2248.0;9.0
91272001;GIF-SUR-YVETTE-INRAE;48.714333;2.151;157;20240323;6.0;1.0;4.5;1.0;1342.0;9.0;10.9;1.0;1236.0;9.0;6.4;1;7.7;1.0;6.4;1.0;3.1;9.0;3.3;9.0;3.7;9;16.0;9.0;360.0;9.0;1336.0;9.0
91272001;GIF-SUR-YVETTE-INRAE;48.714333;2.151;157;20240324;0.0;1.0;3.1;1.0;542.0;9.0;11.3;1.0;1436.0;9.0;6.4;1;7.2;1.0;8.2;1.0;1.5;9.0;2.6;9.0;2.9;9;11.0;9.0;270.0;9.0;1500.0;9.0
91272001;GIF-SUR-YVETTE-INRAE;48.714333;2.151;157;20240325;0.5;1.0;1.6;1.0;354.0;9.0;12.8;1.0;1306.0;9.0;7.8;1;7.2;1.0;11.2;1.0;-3.7;9.0;-0.6;9.0;2.7;9;10.0;9.0;80.0;9.0;1330.0;9.0
91272001;GIF-SUR-YVETTE-INRAE;48.714333;2.151;157;20240326;7.0;1.0;7.7;1.0;542.0;9.0;11.6;1.0;1412.0;9.0;8.5;1;9.7;1.0;3.9;1.0;6.0;9.0;6.5;9.0;2.5;9;9.0;9.0;360.0;9.0;2012.0;9.0
91272001;GIF-SUR-YVETTE-INRAE;48.714333;2.151;157;20240327;4.5;1.0;5.1;1.0;748.0;9.0;11.9;1.0;1342.0;9.0;7.7;1;8.5;1.0;6.8;1.0;3.4;9.0;4.4;9.0;3.7;9;11.0;9.0;90.0;9.0;1530.0;9.0
91272001;GIF-SUR-YVETTE-INRAE;48.714333;2.151;157;20240328;1.0;1.0;5.0;1.0;524.0;9.0;11.0;1.0;1554.0;9.0;8.3;1;8.0;1.0;6.0;1.0;3.8;9.0;4.4;9.0;5.6;9;17.0;9.0;90.0;9.0;1530.0;9.0
91272001;GIF-SUR-YVETTE-INRAE;48.714333;2.151;157;20240330;1.0;1.0;5.8;1.0;536.0;9.0;10.0;1.0;1512.0;9.0;7.9;1;7.9;1.0;4.2;1.0;5.7;9.0;5.6;9.0;2.1;9;6.0;9.0;360.0;9.0;2036.0;9.0
91272001;GIF-SUR-YVETTE-INRAE;48.714333;2.151;157;20240331;7.5;1.0;6.0;1.0;542.0;9.0;14.7;1.0;1212.0;9.0;9.9;1;10.4;1.0;8.7;1.0;4.1;9.0;5.4;9.0;2.2;9;14.0;9.0;30.0;9.0;1318.0;9.0
91272001;GIF-SUR-YVETTE-INRAE;48.714333;2.151;157;20240401;1.0;1.0;6.5;1.0;554.0;9.0;13.2;1.0;1312.0;9.0;9.2;1;9.9;1.0;6.7;1.0;4.5;9.0;5.9;9.0;3.4;9;12.0;9.0;250.0;9.0;1318.0;9.0
91272001;GIF-SUR-YVETTE-INRAE;48.714333;2.151;157;20240402;7.0;1.0;7.0;1.0;612.0;9.0;12.7;1.0;1200.0;9.0;10.1;1;9.9;1.0;5.7;1.0;6.0;9.0;6.7;9.0;4.2;9;12.0;9.0;240.0;9.0;1136.0;9.0
91272001;GIF-SUR-YVETTE-INRAE;48.714333;2.151;157;20240403;7.0;1.0;9.3;1.0;136.0;9.0;16.7;1.0;1336.0;9.0;12.4;1;13.0;1.0;7.4;1.0;8.1;9.0;8.7;9.0;4.4;9;12.0;9.0;250.0;9.0;1330.0;9.0
91272001;GIF-SUR-YVETTE-INRAE;48.714333;2.151;157;20240404;2.0;1.0;10.6;1.0;842.0;9.0;18.0;1.0;1424.0;9.0;13.9;1;14.3;1.0;7.4;1.0;10.0;9.0;10.0;9.0;4.6;9;15.0;9.0;230.0;9.0;1118.0;9.0
91272001;GIF-SUR-YVETTE-INRAE;48.714333;2.151;157;20240405;0.5;1.0;12.6;1.0;124.0;9.0;17.2;1.0;1548.0;9.0;15.0;1;14.9;1.0;4.6;1.0;11.1;9.0;11.9;9.0;3.1;9;11.0;9.0;220.0;9.0;1500.0;9.0
91272001;GIF-SUR-YVETTE-INRAE;48.714333;2.151;157;20240406;0.0;1.0;12.5;1.0;12.0;9.0;22.3;1.0;1200.0;9.0;17.1;1;17.4;1.0;9.8;1.0;7.4;9.0;10.4;9.0;2.9;9;14.0;9.0;230.0;9.0;1148.0;9.0
91272001;GIF-SUR-YVETTE-INRAE;48.714333;2.151;157;20240407;5.0;1.0;13.7;1.0;712.0;9.0;18.0;1.0;1512.0;9.0;14.5;1;15.9;1.0;4.3;1.0;10.1;9.0;12.8;9.0;2.0;9;8.0;9.0;230.0;9.0;230.0;9.0
91272001;GIF-SUR-YVETTE-INRAE;48.714333;2.151;157;20240408;0.0;1.0;9.8;1.0;548.0;9.0;21.7;1.0;1442.0;9.0;14.5;1;15.8;1.0;11.9;1.0;6.2;9.0;8.8;9.0;2.8;9;12.0;9.0;240.0;9.0;2154.0;9.0
91272001;GIF-SUR-YVETTE-INRAE;48.714333;2.151;157;20240409;0.5;1.0;7.4;1.0;612.0;9.0;12.0;1.0;1336.0;9.0;9.0;1;9.7;1.0;4.6;1.0;6.1;9.0;7.1;9.0;4.3;9;12.0;9.0;260.0;9.0;1236.0;9.0
91272001;GIF-SUR-YVETTE-INRAE;48.714333;2.151;157;20240410;0.0;1.0;3.9;1.0;506.0;9.0;15.8;1.0;1706.0;9.0;10.5;1;9.9;1.0;11.9;1.0;-1.3;9.0;1.8;9.0;1.7;9;6.0;9.0;260.0;9.0;1524.0;9.0
91272001;GIF-SUR-YVETTE-INRAE;48.714333;2.151;157;20240411;0.0;1.0;10.4;1.0;542.0;9.0;18.1;1.0;1454.0;9.0;13.8;1;14.3;1.0;7.7;1.0;7.5;9.0;9.9;9.0;1.6;9;6.0;9.0;250.0;9.0;1324.0;9.0
91272001;GIF-SUR-YVETTE-INRAE;48.714333;2.151;157;20240412;0.5;1.0;10.3;1.0;500.0;9.0;21.8;1.0;1636.0;9.0;16.1;1;16.1;1.0;11.5;1.0;4.5;9.0;7.4;9.0;1.3;9;6.0;9.0;180.0;9.0;1148.0;9.0
91272001;GIF-SUR-YVETTE-INRAE;48.714333;2.151;157;20240413;0.0;1.0;11.8;1.0;554.0;9.0;24.8;1.0;1530.0;9.0;18.5;1;18.3;1.0;13.0;1.0;5.7;9.0;9.0;9.0;2.0;9;8.0;9.0;210.0;9.0;1436.0;9.0
91272001;GIF-SUR-YVETTE-INRAE;48.714333;2.151;157;20240414;0.0;1.0;9.0;1.0;542.0;9.0;19.3;1.0;1300.0;9.0;13.6;1;14.2;1.0;10.3;1.0;5.5;9.0;8.4;9.0;1.3;9;6.0;9.0;360.0;9.0;2048.0;9.0
91272001;GIF-SUR-YVETTE-INRAE;48.714333;2.151;157;20240415;4.0;1.0;6.8;1.0;542.0;9.0;13.4;1.0;1406.0;9.0;9.0;1;10.1;1.0;6.6;1.0;4.6;9.0;6.2;9.0;4.0;9;14.0;9.0;360.0;9.0;1436.0;9.0
91272001;GIF-SUR-YVETTE-INRAE;48.714333;2.151;157;20240416;5.5;1.0;5.6;1.0;318.0;9.0;12.7;1.0;1254.0;9.0;8.3;1;9.2;1.0;7.1;1.0;3.6;9.0;4.8;9.0;3.3;9;10.0;9.0;10.0;9.0;1136.0;9.0
91272001;GIF-SUR-YVETTE-INRAE;48.714333;2.151;157;20240417;7.5;1.0;3.9;1.0;412.0;9.0;11.6;1.0;1018.0;9.0;6.6;1;7.8;1.0;7.7;1.0;-0.1;9.0;2.8;9.0;1.9;9;10.0;9.0;360.0;9.0;1254.0;9.0
91272001;GIF-SUR-YVETTE-INRAE;48.714333;2.151;157;20240418;0.0;1.0;1.8;1.0;454.0;9.0;12.9;1.0;1518.0;9.0;7.2;1;7.4;1.0;11.1;1.0;-0.6;9.0;0.6;9.0;1.5;9;7.0;9.0;360.0;9.0;106.0;9.0
91272001;GIF-SUR-YVETTE-INRAE;48.714333;2.151;157;20240419;3.0;1.0;7.1;1.0;312.0;9.0;11.1;1.0;1148.0;9.0;8.7;1;9.1;1.0;4.0;1.0;1.7;9.0;4.3;9.0;2.8;9;10.0;9.0;360.0;9.0;1436.0;9.0
91272001;GIF-SUR-YVETTE-INRAE;48.714333;2.151;157;20240420;0.0;1.0;2.1;1.0;448.0;9.0;10.8;1.0;1354.0;9.0;6.2;1;6.5;1.0;8.7;1.0;-1.5;9.0;0.0;9.0;1.9;9;7.0;9.0;360.0;9.0;1706.0;9.0
91272001;GIF-SUR-YVETTE-INRAE;48.714333;2.151;157;20240421;0.0;1.0;1.0;1.0;318.0;9.0;11.1;1.0;1442.0;9.0;6.1;1;6.1;1.0;10.1;1.0;-2.0;9.0;-0.1;9.0;2.3;9;8.0;9.0;360.0;9.0;1700.0;9.0
91272001;GIF-SUR-YVETTE-INRAE;48.714333;2.151;157;20240422;1.5;1.0;2.1;1.0;506.0;9.0;10.9;1.0;1218.0;9.0;6.2;1;6.5;1.0;8.8;1.0;0.5;9.0;1.4;9.0;1.7;9;9.0;9.0;360.0;9.0;2024.0;9.0
91272001;GIF-SUR-YVETTE-INRAE;48.714333;2.151;157;20240423;0.5;1.0;0.3;1.0;424.0;9.0;11.5;1.0;1406.0;9.0;6.4;1;5.9;1.0;11.2;1.0;-1.8;9.0;-0.7;9.0;1.7;9;8.0;9.0;360.0;9.0;1230.0;9.0
91272001;GIF-SUR-YVETTE-INRAE;48.714333;2.151;157;20240424;0.0;1.0;5.2;1.0;430.0;9.0;10.2;1.0;1048.0;9.0;6.8;1;7.7;1.0;5.0;1.0;2.0;9.0;3.8;9.0;1.8;9;8.0;9.0;360.0;9.0;1248.0;9.0
91272001;GIF-SUR-YVETTE-INRAE;48.714333;2.151;157;20240425;0.0;1.0;0.1;1.0;506.0;9.0;12.6;1.0;1424.0;9.0;7.7;1;6.4;1.0;12.5;1.0;-4.2;9.0;-2.1;9.0;1.3;9;6.0;9.0;90.0;9.0;1418.0;9.0
91272001;GIF-SUR-YVETTE-INRAE;48.714333;2.151;157;20240426;2.0;1.0;4.7;1.0;448.0;9.0;14.7;1.0;1236.0;9.0;10.4;1;9.7;1.0;10.0;1.0;-0.5;9.0;2.2;9.0;1.7;9;9.0;9.0;360.0;9.0;1918.0;9.0
91272001;GIF-SUR-YVETTE-INRAE;48.714333;2.151;157;20240427;10.0;1.0;8.6;1.0;448.0;9.0;15.2;1.0;1054.0;9.0;11.3;1;11.9;1.0;6.6;1.0;8.1;9.0;8.3;9.0;2.1;9;7.0;9.0;90.0;9.0;1530.0;9.0
91272001;GIF-SUR-YVETTE-INRAE;48.714333;2.151;157;20240428;0.5;1.0;9.1;1.0;412.0;9.0;15.6;1.0;1506.0;9.0;11.1;1;12.4;1.0;6.5;1.0;8.6;9.0;8.7;9.0;3.6;9;10.0;9.0;10.0;9.0;1118.0;9.0
91272001;GIF-SUR-YVETTE-INRAE;48.714333;2.151;157;20240429;0.5;1.0;5.5;1.0;454.0;9.0;16.9;1.0;1506.0;9.0;12.1;1;11.2;1.0;11.4;1.0;1.2;9.0;3.3;9.0;1.5;9;6.0;9.0;210.0;9.0;1430.0;9.0
91272001;GIF-SUR-YVETTE-INRAE;48.714333;2.151;157;20240430;1.0;1.0;10.8;1.0;206.0;9.0;17.2;1.0;1412.0;9.0;13.4;1;14.0;1.0;6.4;1.0;7.3;9.0;8.7;9.0;1.8;9;8.0;9.0;90.0;9.0;1454.0;9.0
91272001;GIF-SUR-YVETTE-INRAE;48.714333;2.151;157;20240501;6.5;1.0;11.1;1.0;512.0;9.0;18.4;1.0;1448.0;9.0;14.2;1;14.8;1.0;7.3;1.0;10.2;9.0;10.7;9.0;1.8;9;9.0;9.0;360.0;9.0;2218.0;9.0
91272001;GIF-SUR-YVETTE-INRAE;48.714333;2.151;157;20240502;4.0;1.0;9.4;1.0;154.0;9.0;12.6;1.0;1248.0;9.0;10.4;1;11.0;1.0;3.2;1.0;8.5;9.0;9.0;9.0;2.5;9;7.0;9.0;360.0;9.0;1500.0;9.0
91272001;GIF-SUR-YVETTE-INRAE;48.714333;2.151;157;20240503;0.5;1.0;7.7;1.0;448.0;9.0;15.9;1.0;1354.0;9.0;11.0;1;11.8;1.0;8.2;1.0;6.5;9.0;7.3;9.0;2.8;9;10.0;9.0;30.0;9.0;1700.0;9.0
91272001;GIF-SUR-YVETTE-INRAE;48.714333;2.151;157;20240504;1.5;1.0;5.8;1.0;342.0;9.0;13.1;1.0;1800.0;9.0;9.9;1;9.5;1.0;7.3;1.0;2.5;9.0;4.4;9.0;1.3;9;5.0;9.0;90.0;9.0;1154.0;9.0
91272001;GIF-SUR-YVETTE-INRAE;48.714333;2.151;157;20240505;5.0;1.0;8.6;1.0;0.0;9.0;15.9;1.0;1148.0;9.0;12.6;1;12.3;1.0;7.3;1.0;4.7;9.0;6.6;9.0;1.7;9;8.0;9.0;240.0;9.0;1154.0;9.0
91272001;GIF-SUR-YVETTE-INRAE;48.714333;2.151;157;20240506;0.0;1.0;9.7;1.0;618.0;9.0;17.2;1.0;1400.0;9.0;12.5;1;13.5;1.0;7.5;1.0;9.8;9.0;10.0;9.0;2.7;9;9.0;9.0;10.0;9.0;1630.0;9.0
91272001;GIF-SUR-YVETTE-INRAE;48.714333;2.151;157;20240507;0.0;1.0;8.7;1.0;442.0;9.0;19.6;1.0;1242.0;9.0;13.9;1;14.2;1.0;10.9;1.0;5.6;9.0;7.4;9.0;1.6;9;7.0;9.0;340.0;9.0;1624.0;9.0
91272001;GIF-SUR-YVETTE-INRAE;48.714333;2.151;157;20240508;0.0;1.0;7.7;1.0;400.0;9.0;13.2;1.0;1518.0;9.0;10.7;1;10.5;1.0;5.5;1.0;4.1;9.0;6.5;9.0;1.5;9;5.0;9.0;360.0;9.0;1612.0;9.0
91272001;GIF-SUR-YVETTE-INRAE;48.714333;2.151;157;20240509;0.0;1.0;7.6;1.0;236.0;9.0;20.2;1.0;1448.0;9.0;13.5;1;13.9;1.0;12.6;1.0;2.5;9.0;5.6;9.0;1.3;9;7.0;9.0;30.0;9.0;1312.0;9.0
91272001;GIF-SUR-YVETTE-INRAE;48.714333;2.151;157;20240510;0.0;1.0;8.7;1.0;306.0;9.0;23.6;1.0;1406.0;9.0;16.7;1;16.2;1.0;14.9;1.0;3.2;9.0;5.8;9.0;1.5;9;8.0;9.0;40.0;9.0;1206.0;9.0
91272001;GIF-SUR-YVETTE-INRAE;48.714333;2.151;157;20240511;0.0;1.0;10.2;1.0;342.0;9.0;25.2;1.0;1442.0;9.0;18.4;1;17.7;1.0;15.0;1.0;3.9;9.0;6.0;9.0;1.3;9;6.0;9.0;110.0;9.0;1500.0;9.0
91272001;GIF-SUR-YVETTE-INRAE;48.714333;2.151;157;20240512;10.0;1.0;11.5;1.0;418.0;9.0;27.1;1.0;1324.0;9.0;18.1;1;19.3;1.0;15.6;1.0;6.7;9.0;8.6;9.0;1.5;9;14.0;9.0;240.0;9.0;1342.0;9.0
91272001;GIF-SUR-YVETTE-INRAE;48.714333;2.151;157;20240513;3.5;1.0;13.8;1.0;512.0;9.0;20.8;1.0;1742.0;9.0;17.1;1;17.3;1.0;7.0;1.0;13.7;9.0;13.5;9.0;2.3;9;8.0;9.0;240.0;9.0;1030.0;9.0
91272001;GIF-SUR-YVETTE-INRAE;48.714333;2.151;157;20240514;8.5;1.0;12.5;1.0;824.0;9.0;15.0;1.0;1524.0;9.0;14.0;1;13.8;1.0;2.5;1.0;12.7;9.0;12.2;9.0;2.0;9;6.0;9.0;30.0;9.0;712.0;9.0
91272001;GIF-SUR-YVETTE-INRAE;48.714333;2.151;157;20240515;1.0;1.0;11.0;1.0;554.0;9.0;19.3;1.0;1724.0;9.0;14.7;1;15.2;1.0;8.3;1.0;9.6;9.0;11.0;9.0;2.2;9;6.0;9.0;360.0;9.0;1948.0;9.0
91272001;GIF-SUR-YVETTE-INRAE;48.714333;2.151;157;20240516;0.0;1.0;11.0;1.0;536.0;9.0;18.3;1.0;1706.0;9.0;14.0;1;14.7;1.0;7.3;1.0;10.3;9.0;10.7;9.0;2.3;9;7.0;9.0;230.0;9.0;1448.0;9.0
91272001;GIF-SUR-YVETTE-INRAE;48.714333;2.151;157;20240517;1.0;1.0;8.5;1.0;354.0;9.0;19.4;1.0;1530.0;9.0;14.2;1;14.0;1.0;10.9;1.0;5.3;9.0;7.0;9.0;1.3;9;4.0;9.0;360.0;9.0;2254.0;9.0
91272001;GIF-SUR-YVETTE-INRAE;48.714333;2.151;157;20240518;6.5;1.0;9.9;1.0;406.0;9.0;20.8;1.0;1254.0;9.0;14.4;1;15.4;1.0;10.9;1.0;5.5;9.0;7.5;9.0;1.1;9;6.0;9.0;360.0;9.0;1806.0;9.0
91272001;GIF-SUR-YVETTE-INRAE;48.714333;2.151;157;20240519;1.5;1.0;11.2;1.0;42.0;9.0;20.2;1.0;1548.0;9.0;15.0;1;15.7;1.0;9.0;1.0;8.4;9.0;9.9;9.0;1.0;9;6.0;9.0;360.0;9.0;1900.0;9.0
91272001;GIF-SUR-YVETTE-INRAE;48.714333;2.151;157;20240520;3.0;1.0;10.0;1.0;406.0;9.0;21.5;1.0;1254.0;9.0;15.1;1;15.8;1.0;11.5;1.0;6.6;9.0;8.0;9.0;1.3;9;6.0;9.0;90.0;9.0;1436.0;9.0
91272001;GIF-SUR-YVETTE-INRAE;48.714333;2.151;157;20240521;0.0;1.0;10.5;1.0;542.0;9.0;18.6;1.0;1330.0;9.0;14.2;1;14.6;1.0;8.1;1.0;8.4;9.0;9.9;9.0;1.4;9;7.0;9.0;180.0;9.0;1342.0;9.0
91272001;GIF-SUR-YVETTE-INRAE;48.714333;2.151;157;20240522;1.0;1.0;12.1;1.0;500.0;9.0;19.7;1.0;1642.0;9.0;14.9;1;15.9;1.0;7.6;1.0;11.3;9.0;12.0;9.0;2.8;9;10.0;9.0;220.0;9.0;1242.0;9.0
91272001;GIF-SUR-YVETTE-INRAE;48.714333;2.151;157;20240523;1.0;1.0;11.8;1.0;436.0;9.0;20.2;1.0;1354.0;9.0;14.7;1;16.0;1.0;8.4;1.0;8.1;9.0;11.4;9.0;1.4;9;7.0;9.0;180.0;9.0;1442.0;9.0
91272001;GIF-SUR-YVETTE-INRAE;48.714333;2.151;157;20240524;0.0;1.0;9.7;1.0;130.0;9.0;19.6;1.0;1418.0;9.0;14.4;1;14.7;1.0;9.9;1.0;6.3;9.0;7.7;9.0;1.3;9;6.0;9.0;330.0;9.0;1442.0;9.0
91272001;GIF-SUR-YVETTE-INRAE;48.714333;2.151;157;20240525;0.0;1.0;8.8;1.0;406.0;9.0;21.2;1.0;1554.0;9.0;15.8;1;15.0;1.0;12.4;1.0;4.5;9.0;6.6;9.0;1.3;9;6.0;9.0;70.0;9.0;1000.0;9.0
91272001;GIF-SUR-YVETTE-INRAE;48.714333;2.151;157;20240526;0.5;1.0;14.4;1.0;348.0;9.0;21.9;1.0;1400.0;9.0;17.0;1;18.2;1.0;7.5;1.0;13.2;9.0;13.7;9.0;2.6;9;10.0;9.0;360.0;9.0;1506.0;9.0
91272001;GIF-SUR-YVETTE-INRAE;48.714333;2.151;157;20240527;0.5;1.0;11.8;1.0;342.0;9.0;16.6;1.0;1554.0;9.0;13.7;1;14.2;1.0;4.8;1.0;8.4;9.0;10.2;9.0;1.9;9;10.0;9.0;360.0;9.0;1636.0;9.0
91272001;GIF-SUR-YVETTE-INRAE;48.714333;2.151;157;20240528;6.0;1.0;10.1;1.0;400.0;9.0;16.5;1.0;1724.0;9.0;13.4;1;13.3;1.0;6.4;1.0;6.0;9.0;9.1;9.0;3.1;9;10.0;9.0;360.0;9.0;1600.0;9.0
91272001;GIF-SUR-YVETTE-INRAE;48.714333;2.151;157;20240529;14.0;1.0;12.9;1.0;542.0;9.0;15.8;1.0;1806.0;9.0;14.3;1;14.4;1.0;2.9;1.0;12.6;9.0;12.5;9.0;2.6;9;8.0;9.0;90.0;9.0;1424.0;9.0
91272001;GIF-SUR-YVETTE-INRAE;48.714333;2.151;157;20240530;1.5;1.0;11.8;1.0;100.0;9.0;16.8;1.0;1154.0;9.0;12.9;1;14.3;1.0;5.0;1.0;11.0;9.0;11.0;9.0;2.2;9;10.0;9.0;360.0;9.0;1230.0;9.0
91272001;GIF-SUR-YVETTE-INRAE;48.714333;2.151;157;20240531;10.0;1.0;11.3;1.0;0.0;9.0;16.2;1.0;1130.0;9.0;12.8;1;13.8;1.0;4.9;1.0;9.5;9.0;10.0;9.0;2.3;9;8.0;9.0;360.0;9.0;1612.0;9.0
91272001;GIF-SUR-YVETTE-INRAE;48.714333;2.151;157;20240601;2.0;1.0;11.9;1.0;506.0;9.0;13.3;1.0;1006.0;9.0;12.2;1;12.6;1.0;1.4;1.0;11.7;9.0;11.8;9.0;2.3;9;7.0;9.0;360.0;9.0;2036.0;9.0
91272001;GIF-SUR-YVETTE-INRAE;48.714333;2.151;157;20240602;0.0;1.0;11.2;1.0;518.0;9.0;16.9;1.0;1530.0;9.0;13.1;1;14.1;1.0;5.7;1.0;11.1;9.0;11.2;9.0;2.2;9;7.0;9.0;360.0;9.0;500.0;9.0
91272001;GIF-SUR-YVETTE-INRAE;48.714333;2.151;157;20240603;0.0;1.0;7.6;1.0;354.0;9.0;21.4;1.0;1700.0;9.0;15.2;1;14.5;1.0;13.8;1.0;5.0;9.0;6.3;9.0;1.2;9;4.0;9.0;340.0;9.0;1800.0;9.0
91272001;GIF-SUR-YVETTE-INRAE;48.714333;2.151;157;20240604;0.0;1.0;11.2;1.0;424.0;9.0;22.9;1.0;1330.0;9.0;17.5;1;17.1;1.0;11.7;1.0;7.4;9.0;9.2;9.0;1.8;9;8.0;9.0;250.0;9.0;1430.0;9.0
91272001;GIF-SUR-YVETTE-INRAE;48.714333;2.151;157;20240605;0.0;1.0;13.4;1.0;418.0;9.0;20.7;1.0;1642.0;9.0;15.9;1;17.1;1.0;7.3;1.0;11.9;9.0;13.0;9.0;2.0;9;8.0;9.0;60.0;9.0;1018.0;9.0
91272001;GIF-SUR-YVETTE-INRAE;48.714333;2.151;157;20240606;0.0;1.0;7.6;1.0;306.0;9.0;20.8;1.0;1230.0;9.0;14.7;1;14.2;1.0;13.2;1.0;3.8;9.0;5.7;9.0;1.3;9;6.0;9.0;300.0;9.0;1536.0;9.0
91272001;GIF-SUR-YVETTE-INRAE;48.714333;2.151;157;20240607;0.0;1.0;7.8;1.0;418.0;9.0;21.2;1.0;1654.0;9.0;15.3;1;14.5;1.0;13.4;1.0;3.3;9.0;5.7;9.0;1.5;9;7.0;9.0;310.0;9.0;1254.0;9.0
91272001;GIF-SUR-YVETTE-INRAE;48.714333;2.151;157;20240608;0.0;1.0;9.5;1.0;412.0;9.0;21.6;1.0;1330.0;9.0;15.6;1;15.6;1.0;12.1;1.0;4.3;9.0;7.0;9.0;1.8;9;7.0;9.0;360.0;9.0;1730.0;9.0
91272001;GIF-SUR-YVETTE-INRAE;48.714333;2.151;157;20240609;0.0;1.0;8.8;1.0;412.0;9.0;21.0;1.0;1530.0;9.0;15.0;1;14.9;1.0;12.2;1.0;4.5;9.0;6.7;9.0;2.4;9;8.0;9.0;360.0;9.0;1848.0;9.0
91272001;GIF-SUR-YVETTE-INRAE;48.714333;2.151;157;20240610;1.5;1.0;8.8;1.0;342.0;9.0;17.9;1.0;1230.0;9.0;12.8;1;13.4;1.0;9.1;1.0;5.3;9.0;8.0;9.0;2.9;9;11.0;9.0;360.0;9.0;1242.0;9.0
91272001;GIF-SUR-YVETTE-INRAE;48.714333;2.151;157;20240611;0.0;1.0;6.5;1.0;418.0;9.0;17.6;1.0;1348.0;9.0;12.4;1;12.1;1.0;11.1;1.0;1.6;9.0;3.9;9.0;1.8;9;10.0;9.0;360.0;9.0;1212.0;9.0
91272001;GIF-SUR-YVETTE-INRAE;48.714333;2.151;157;20240612;0.0;1.0;6.8;1.0;348.0;9.0;17.5;1.0;1136.0;9.0;12.9;1;12.2;1.0;10.7;1.0;1.6;9.0;4.0;9.0;1.3;9;6.0;9.0;360.0;9.0;1436.0;9.0
91272001;GIF-SUR-YVETTE-INRAE;48.714333;2.151;157;20240613;0.5;1.0;8.6;1.0;330.0;9.0;19.7;1.0;1442.0;9.0;15.0;1;14.2;1.0;11.1;1.0;3.0;9.0;5.8;9.0;2.3;9;8.0;9.0;360.0;9.0;2124.0;9.0
91272001;GIF-SUR-YVETTE-INRAE;48.714333;2.151;157;20240614;2.0;1.0;11.4;1.0;418.0;9.0;21.6;1.0;1606.0;9.0;15.6;1;16.5;1.0;10.2;1.0;11.0;9.0;11.0;9.0;3.6;9;11.0;9.0;190.0;9.0;1548.0;9.0
91272001;GIF-SUR-YVETTE-INRAE;48.714333;2.151;157;20240615;5.0;1.0;10.1;1.0;412.0;9.0;17.4;1.0;1112.0;9.0;13.7;1;13.8;1.0;7.3;1.0;8.9;9.0;9.8;9.0;4.7;9;13.0;9.0;360.0;9.0;1818.0;9.0
91272001;GIF-SUR-YVETTE-INRAE;48.714333;2.151;157;20240616;1.5;1.0;11.8;1.0;600.0;9.0;18.1;1.0;1054.0;9.0;14.7;1;15.0;1.0;6.3;1.0;11.3;9.0;11.6;9.0;3.1;9;10.0;9.0;360.0;9.0;736.0;9.0
91272001;GIF-SUR-YVETTE-INRAE;48.714333;2.151;157;20240617;4.5;1.0;13.6;1.0;400.0;9.0;23.5;1.0;1612.0;9.0;18.0;1;18.6;1.0;9.9;1.0;9.9;9.0;12.8;9.0;1.9;9;6.0;9.0;270.0;9.0;1554.0;9.0
91272001;GIF-SUR-YVETTE-INRAE;48.714333;2.151;157;20240618;4.0;1.0;14.4;1.0;100.0;9.0;22.9;1.0;1506.0;9.0;18.5;1;18.7;1.0;8.5;1.0;10.8;9.0;12.8;9.0;2.0;9;6.0;9.0;360.0;9.0;2236.0;9.0
91272001;GIF-SUR-YVETTE-INRAE;48.714333;2.151;157;20240619;0.0;1.0;15.5;1.0;700.0;9.0;20.1;1.0;1742.0;9.0;17.5;1;17.8;1.0;4.6;1.0;15.2;9.0;15.3;9.0;3.3;9;11.0;9.0;360.0;9.0;1012.0;9.0
91272001;GIF-SUR-YVETTE-INRAE;48.714333;2.151;157;20240620;5.0;1.0;15.4;1.0;524.0;9.0;22.1;1.0;1548.0;9.0;18.3;1;18.8;1.0;6.7;1.0;13.9;9.0;14.7;9.0;1.9;9;8.0;9.0;360.0;9.0;36.0;9.0
91272001;GIF-SUR-YVETTE-INRAE;48.714333;2.151;157;20240621;9.0;1.0;15.7;1.0;654.0;9.0;23.0;1.0;1648.0;9.0;18.3;1;19.4;1.0;7.3;1.0;14.8;9.0;15.5;9.0;1.8;9;9.0;9.0;360.0;9.0;2354.0;9.0
91272001;GIF-SUR-YVETTE-INRAE;48.714333;2.151;157;20240622;4.0;1.0;12.3;1.0;454.0;9.0;20.2;1.0;1548.0;9.0;15.8;1;16.3;1.0;7.9;1.0;12.1;9.0;11.9;9.0;2.7;9;8.0;9.0;330.0;9.0;1536.0;9.0
91272001;GIF-SUR-YVETTE-INRAE;48.714333;2.151;157;20240623;0.0;1.0;11.0;1.0;412.0;9.0;23.4;1.0;1706.0;9.0;17.5;1;17.2;1.0;12.4;1.0;7.4;9.0;9.2;9.0;1.1;9;4.0;9.0;360.0;9.0;1836.0;9.0
91272001;GIF-SUR-YVETTE-INRAE;48.714333;2.151;157;20240624;0.0;1.0;13.4;1.0;354.0;9.0;26.9;1.0;1654.0;9.0;21.1;1;20.2;1.0;13.5;1.0;8.9;9.0;11.2;9.0;1.6;9;6.0;9.0;40.0;9.0;1548.0;9.0
91272001;GIF-SUR-YVETTE-INRAE;48.714333;2.151;157;20240625;0.0;1.0;16.7;1.0;354.0;9.0;29.3;1.0;1536.0;9.0;23.9;1;23.0;1.0;12.6;1.0;13.4;9.0;15.0;9.0;2.0;9;6.0;9.0;30.0;9.0;1418.0;9.0
91272001;GIF-SUR-YVETTE-INRAE;48.714333;2.151;157;20240626;0.0;1.0;17.7;1.0;406.0;9.0;30.8;1.0;1518.0;9.0;24.6;1;24.3;1.0;13.1;1.0;15.0;9.0;16.3;9.0;1.5;9;6.0;9.0;300.0;9.0;1018.0;9.0
91272001;GIF-SUR-YVETTE-INRAE;48.714333;2.151;157;20240627;0.0;1.0;18.0;1.0;348.0;9.0;29.7;1.0;1100.0;9.0;23.2;1;23.9;1.0;11.7;1.0;14.6;9.0;16.0;9.0;2.2;9;9.0;9.0;290.0;9.0;1200.0;9.0
91272001;GIF-SUR-YVETTE-INRAE;48.714333;2.151;157;20240628;0.0;1.0;13.7;1.0;512.0;9.0;23.3;1.0;1712.0;9.0;18.3;1;18.5;1.0;9.6;1.0;12.9;9.0;13.4;9.0;2.2;9;7.0;9.0;360.0;9.0;700.0;9.0
91272001;GIF-SUR-YVETTE-INRAE;48.714333;2.151;157;20240629;2.5;1.0;13.9;1.0;424.0;9.0;23.5;1.0;1330.0;9.0;18.3;1;18.7;1.0;9.6;1.0;12.7;9.0;13.2;9.0;3.4;9;10.0;9.0;360.0;9.0;1454.0;9.0
91272001;GIF-SUR-YVETTE-INRAE;48.714333;2.151;157;20240630;1.5;1.0;13.5;1.0;524.0;9.0;22.4;1.0;1436.0;9.0;18.2;1;18.0;1.0;8.9;1.0;13.3;9.0;13.1;9.0;2.1;9;6.0;9.0;360.0;9.0;300.0;9.0
91272001;GIF-SUR-YVETTE-INRAE;48.714333;2.151;157;20240701;0.0;1.0;13.3;1.0;506.0;9.0;19.8;1.0;1654.0;9.0;16.7;1;16.6;1.0;6.5;1.0;12.5;9.0;13.2;9.0;2.6;9;9.0;9.0;330.0;9.0;1142.0;9.0
91272001;GIF-SUR-YVETTE-INRAE;48.714333;2.151;157;20240702;0.0;1.0;13.5;1.0;430.0;9.0;21.4;1.0;1636.0;9.0;16.4;1;17.5;1.0;7.9;1.0;12.8;9.0;13.0;9.0;2.3;9;8.0;9.0;330.0;9.0;1648.0;9.0
91272001;GIF-SUR-YVETTE-INRAE;48.714333;2.151;157;20240703;1.5;1.0;11.2;1.0;436.0;9.0;20.1;1.0;1512.0;9.0;16.0;1;15.7;1.0;8.9;1.0;10.3;9.0;10.9;9.0;2.4;9;8.0;9.0;330.0;9.0;1630.0;9.0
91272001;GIF-SUR-YVETTE-INRAE;48.714333;2.151;157;20240704;0.0;1.0;13.4;1.0;500.0;9.0;21.7;1.0;1506.0;9.0;17.3;1;17.6;1.0;8.3;1.0;12.5;9.0;12.8;9.0;3.1;9;10.0;9.0;360.0;9.0;400.0;9.0
91272001;GIF-SUR-YVETTE-INRAE;48.714333;2.151;157;20240705;0.0;1.0;11.3;1.0;424.0;9.0;25.2;1.0;1648.0;9.0;18.9;1;18.3;1.0;13.9;1.0;7.5;9.0;9.8;9.0;2.2;9;8.0;9.0;230.0;9.0;1130.0;9.0
91272001;GIF-SUR-YVETTE-INRAE;48.714333;2.151;157;20240706;0.5;1.0;13.8;1.0;812.0;9.0;21.1;1.0;1348.0;9.0;16.5;1;17.5;1.0;7.3;1.0;12.4;9.0;13.4;9.0;3.0;9;10.0;9.0;320.0;9.0;1706.0;9.0
91272001;GIF-SUR-YVETTE-INRAE;48.714333;2.151;157;20240707;0.0;1.0;8.6;1.0;406.0;9.0;20.8;1.0;1324.0;9.0;15.5;1;14.7;1.0;12.2;1.0;4.0;9.0;6.7;9.0;1.8;9;8.0;9.0;220.0;9.0;1330.0;9.0
91272001;GIF-SUR-YVETTE-INRAE;48.714333;2.151;157;20240708;0.0;1.0;10.4;1.0;406.0;9.0;24.8;1.0;1642.0;9.0;18.6;1;17.6;1.0;14.4;1.0;6.1;9.0;8.4;9.0;1.1;9;5.0;9.0;130.0;9.0;1412.0;9.0
91272001;GIF-SUR-YVETTE-INRAE;48.714333;2.151;157;20240709;0.5;1.0;15.0;1.0;418.0;9.0;23.9;2.0;1748.0;9.0;20.4;1;19.5;2.0;8.9;2.0;11.7;9.0;13.6;9.0;1.7;9;8.0;9.0;320.0;9.0;1130.0;9.0
91272001;GIF-SUR-YVETTE-INRAE;48.714333;2.151;157;20240710;0.0;1.0;17.5;1.0;306.0;9.0;25.3;1.0;1506.0;9.0;20.5;1;21.4;1.0;7.8;1.0;16.2;9.0;16.9;9.0;2.2;9;8.0;9.0;250.0;9.0;1530.0;9.0
91272001;GIF-SUR-YVETTE-INRAE;48.714333;2.151;157;20240711;14.0;1.0;14.7;1.0;400.0;9.0;24.5;1.0;1230.0;9.0;19.5;1;19.6;1.0;9.8;1.0;10.6;9.0;12.8;9.0;1.8;9;9.0;9.0;70.0;9.0;1124.0;9.0
91272001;GIF-SUR-YVETTE-INRAE;48.714333;2.151;157;20240712;1.5;1.0;13.2;1.0;742.0;9.0;19.3;1.0;1412.0;9.0;15.4;1;16.3;1.0;6.1;1.0;13.3;9.0;13.1;9.0;2.8;9;8.0;9.0;10.0;9.0;1442.0;9.0
91272001;GIF-SUR-YVETTE-INRAE;48.714333;2.151;157;20240713;0.0;1.0;11.7;1.0;418.0;9.0;22.2;1.0;1430.0;9.0;16.3;1;17.0;1.0;10.5;1.0;7.9;9.0;10.3;9.0;1.4;9;7.0;9.0;210.0;9.0;1500.0;9.0
91272001;GIF-SUR-YVETTE-INRAE;48.714333;2.151;157;20240714;0.0;1.0;10.8;1.0;406.0;9.0;22.7;1.0;1754.0;9.0;17.5;1;16.8;1.0;11.9;1.0;6.5;9.0;8.6;9.0;0.8;9;6.0;9.0;180.0;9.0;900.0;9.0
91272001;GIF-SUR-YVETTE-INRAE;48.714333;2.151;157;20240715;1.0;1.0;11.4;1.0;348.0;9.0;25.9;1.0;1612.0;9.0;19.9;1;18.7;1.0;14.5;1.0;7.5;9.0;9.6;9.0;2.0;9;8.0;9.0;30.0;9.0;2006.0;9.0
91272001;GIF-SUR-YVETTE-INRAE;48.714333;2.151;157;20240716;0.0;1.0;14.5;1.0;336.0;9.0;22.8;1.0;1500.0;9.0;18.1;1;18.7;1.0;8.3;1.0;13.2;9.0;14.0;9.0;2.7;9;10.0;9.0;250.0;9.0;1142.0;9.0
91272001;GIF-SUR-YVETTE-INRAE;48.714333;2.151;157;20240717;0.0;1.0;11.7;1.0;412.0;9.0;26.2;1.0;1600.0;9.0;19.2;1;19.0;1.0;14.5;1.0;6.9;9.0;9.6;9.0;0.9;9;5.0;9.0;340.0;9.0;1430.0;9.0
91272001;GIF-SUR-YVETTE-INRAE;48.714333;2.151;157;20240718;0.0;1.0;14.7;1.0;330.0;9.0;29.4;1.0;1442.0;9.0;22.4;1;22.1;1.0;14.7;1.0;10.1;9.0;12.5;9.0;1.0;9;6.0;9.0;90.0;9.0;1136.0;9.0
91272001;GIF-SUR-YVETTE-INRAE;48.714333;2.151;157;20240719;0.0;1.0;17.2;1.0;436.0;9.0;32.8;1.0;1530.0;9.0;25.8;1;25.0;1.0;15.6;1.0;12.9;9.0;15.2;9.0;1.2;9;5.0;9.0;120.0;9.0;1700.0;9.0
91272001;GIF-SUR-YVETTE-INRAE;48.714333;2.151;157;20240720;3.5;1.0;17.6;1.0;430.0;9.0;30.5;1.0;1254.0;9.0;24.3;1;24.1;1.0;12.9;1.0;13.0;9.0;16.0;9.0;1.6;9;7.0;9.0;330.0;9.0;2218.0;9.0
91272001;GIF-SUR-YVETTE-INRAE;48.714333;2.151;157;20240721;0.0;1.0;18.9;1.0;454.0;9.0;25.8;1.0;1400.0;9.0;20.7;1;22.4;1.0;6.9;1.0;17.4;9.0;18.5;9.0;2.4;9;8.0;9.0;300.0;9.0;1830.0;9.0
91272001;GIF-SUR-YVETTE-INRAE;48.714333;2.151;157;20240722;0.5;1.0;12.5;1.0;430.0;9.0;24.9;1.0;1454.0;9.0;19.0;1;18.7;1.0;12.4;1.0;8.8;9.0;11.5;9.0;1.9;9;7.0;9.0;290.0;9.0;1054.0;9.0
91272001;GIF-SUR-YVETTE-INRAE;48.714333;2.151;157;20240723;2.0;1.0;17.6;1.0;336.0;9.0;22.7;1.0;1418.0;9.0;18.8;1;20.2;1.0;5.1;1.0;15.9;9.0;16.9;9.0;2.5;9;8.0;9.0;300.0;9.0;1630.0;9.0
91272001;GIF-SUR-YVETTE-INRAE;48.714333;2.151;157;20240724;0.0;1.0;12.4;1.0;454.0;9.0;24.9;1.0;1542.0;9.0;19.0;1;18.7;1.0;12.5;1.0;9.5;9.0;10.9;9.0;1.0;9;4.0;9.0;20.0;9.0;1524.0;9.0
91272001;GIF-SUR-YVETTE-INRAE;48.714333;2.151;157;20240725;2.5;1.0;16.8;1.0;348.0;9.0;28.1;1.0;1430.0;9.0;22.2;1;22.5;1.0;11.3;1.0;14.8;9.0;15.8;9.0;1.6;9;6.0;9.0;320.0;9.0;1824.0;9.0
91272001;GIF-SUR-YVETTE-INRAE;48.714333;2.151;157;20240726;15.0;1.0;17.8;1.0;836.0;9.0;21.5;1.0;1430.0;9.0;19.4;1;19.7;1.0;3.7;1.0;17.9;9.0;17.5;9.0;1.1;9;4.0;9.0;310.0;9.0;900.0;9.0
91272001;GIF-SUR-YVETTE-INRAE;48.714333;2.151;157;20240727;6.5;1.0;15.9;1.0;506.0;9.0;18.2;1.0;1830.0;9.0;16.9;1;17.1;1.0;2.3;1.0;16.0;9.0;15.8;9.0;1.3;9;4.0;9.0;20.0;9.0;1412.0;9.0
91272001;GIF-SUR-YVETTE-INRAE;48.714333;2.151;157;20240728;0.0;1.0;10.5;1.0;448.0;9.0;24.0;1.0;1454.0;9.0;17.9;1;17.3;1.0;13.5;1.0;7.1;9.0;8.8;9.0;1.8;9;7.0;9.0;90.0;9.0;1618.0;9.0
91272001;GIF-SUR-YVETTE-INRAE;48.714333;2.151;157;20240729;0.0;1.0;14.1;1.0;412.0;9.0;30.1;1.0;1548.0;9.0;22.4;1;22.1;1.0;16.0;1.0;10.3;9.0;12.2;9.0;1.8;9;6.0;9.0;100.0;9.0;1712.0;9.0
91272001;GIF-SUR-YVETTE-INRAE;48.714333;2.151;157;20240730;6.5;1.0;18.7;1.0;442.0;9.0;35.3;1.0;1624.0;9.0;27.1;1;27.0;1.0;16.6;1.0;16.5;9.0;17.5;9.0;0.9;9;7.0;9.0;270.0;9.0;2136.0;9.0
91272001;GIF-SUR-YVETTE-INRAE;48.714333;2.151;157;20240731;13.5;1.0;20.0;1.0;518.0;9.0;30.6;1.0;1254.0;9.0;24.7;1;25.3;1.0;10.6;1.0;19.4;9.0;19.4;9.0;1.2;9;7.0;9.0;220.0;9.0;100.0;9.0
91272001;GIF-SUR-YVETTE-INRAE;48.714333;2.151;157;20240801;8.5;1.0;18.4;1.0;454.0;9.0;29.5;1.0;1442.0;9.0;23.5;1;24.0;1.0;11.1;1.0;17.5;9.0;17.4;9.0;1.7;9;9.0;9.0;310.0;9.0;400.0;9.0
91272001;GIF-SUR-YVETTE-INRAE;48.714333;2.151;157;20240802;0.0;1.0;18.8;1.0;618.0;9.0;26.5;1.0;1436.0;9.0;21.5;1;22.7;1.0;7.7;1.0;16.4;9.0;17.6;9.0;1.9;9;6.0;9.0;310.0;9.0;1824.0;9.0
91272001;GIF-SUR-YVETTE-INRAE;48.714333;2.151;157;20240803;0.5;1.0;13.8;1.0;412.0;9.0;23.9;1.0;1530.0;9.0;18.8;1;18.9;1.0;10.1;1.0;11.6;9.0;12.9;9.0;1.2;9;6.0;9.0;220.0;9.0;1254.0;9.0
91272001;GIF-SUR-YVETTE-INRAE;48.714333;2.151;157;20240804;0.0;1.0;15.8;1.0;548.0;9.0;23.4;1.0;1624.0;9.0;19.1;1;19.6;1.0;7.6;1.0;15.8;9.0;15.7;9.0;1.4;9;6.0;9.0;300.0;9.0;136.0;9.0
91272001;GIF-SUR-YVETTE-INRAE;48.714333;2.151;157;20240805;0.0;1.0;13.3;1.0;336.0;9.0;28.2;1.0;1442.0;9.0;21.4;1;20.8;1.0;14.9;1.0;9.7;9.0;11.5;9.0;1.1;9;8.0;9.0;210.0;9.0;1442.0;9.0
91272001;GIF-SUR-YVETTE-INRAE;48.714333;2.151;157;20240806;0.0;1.0;13.4;1.0;430.0;9.0;27.8;1.0;1512.0;9.0;21.3;1;20.6;1.0;14.4;1.0;9.9;9.0;11.4;9.0;1.6;9;8.0;9.0;180.0;9.0;1148.0;9.0
91272001;GIF-SUR-YVETTE-INRAE;48.714333;2.151;157;20240807;0.0;1.0;14.7;1.0;442.0;9.0;23.3;1.0;1512.0;9.0;18.7;1;19.0;1.0;8.6;1.0;14.7;9.0;14.4;9.0;1.8;9;6.0;9.0;300.0;9.0;1524.0;9.0
91272001;GIF-SUR-YVETTE-INRAE;48.714333;2.151;157;20240808;0.0;1.0;14.3;1.0;500.0;9.0;26.8;1.0;1618.0;9.0;21.0;1;20.6;1.0;12.5;1.0;11.0;9.0;12.6;9.0;1.2;9;7.0;9.0;180.0;9.0;1254.0;9.0
91272001;GIF-SUR-YVETTE-INRAE;48.714333;2.151;157;20240809;0.0;1.0;16.6;1.0;506.0;9.0;25.7;1.0;1600.0;9.0;21.0;1;21.2;1.0;9.1;1.0;14.5;9.0;16.0;9.0;1.5;9;6.0;9.0;360.0;9.0;1800.0;9.0
91272001;GIF-SUR-YVETTE-INRAE;48.714333;2.151;157;20240810;0.0;1.0;14.2;1.0;454.0;9.0;28.0;1.0;1654.0;9.0;21.4;1;21.1;1.0;13.8;1.0;10.3;9.0;12.1;9.0;0.9;9;4.0;9.0;280.0;9.0;1454.0;9.0
91272001;GIF-SUR-YVETTE-INRAE;48.714333;2.151;157;20240811;0.0;1.0;16.4;1.0;400.0;9.0;30.6;1.0;1654.0;9.0;24.4;1;23.5;1.0;14.2;1.0;11.9;9.0;13.8;9.0;1.9;9;8.0;9.0;100.0;9.0;1336.0;9.0
91272001;GIF-SUR-YVETTE-INRAE;48.714333;2.151;157;20240812;0.0;1.0;20.5;1.0;406.0;9.0;36.4;1.0;1348.0;9.0;28.0;1;28.5;1.0;15.9;1.0;17.2;9.0;18.9;9.0;2.1;9;8.0;9.0;180.0;9.0;1306.0;9.0
91272001;GIF-SUR-YVETTE-INRAE;48.714333;2.151;157;20240813;0.0;1.0;18.6;1.0;448.0;9.0;25.1;1.0;1530.0;9.0;21.6;1;21.9;1.0;6.5;1.0;17.4;9.0;18.0;9.0;1.1;9;4.0;9.0;20.0;9.0;730.0;9.0
91272001;GIF-SUR-YVETTE-INRAE;48.714333;2.151;157;20240814;0.0;1.0;19.0;1.0;530.0;9.0;26.7;1.0;1512.0;9.0;22.0;1;22.9;1.0;7.7;1.0;17.2;9.0;18.4;9.0;1.2;9;6.0;9.0;360.0;9.0;1700.0;9.0
91272001;GIF-SUR-YVETTE-INRAE;48.714333;2.151;157;20240815;0.0;1.0;17.0;1.0;518.0;9.0;26.0;1.0;1518.0;9.0;21.2;1;21.5;1.0;9.0;1.0;15.6;9.0;16.2;9.0;1.6;9;6.0;9.0;300.0;9.0;1536.0;9.0
91272001;GIF-SUR-YVETTE-INRAE;48.714333;2.151;157;20240816;3.5;1.0;16.0;1.0;318.0;9.0;25.4;1.0;1236.0;9.0;20.9;1;20.7;1.0;9.4;1.0;12.9;9.0;15.1;9.0;1.6;9;6.0;9.0;360.0;9.0;1630.0;9.0
91272001;GIF-SUR-YVETTE-INRAE;48.714333;2.151;157;20240817;47.0;1.0;18.4;1.0;700.0;9.0;19.9;1.0;948.0;9.0;18.6;1;19.2;1.0;1.5;1.0;17.9;9.0;18.1;9.0;1.3;9;6.0;9.0;360.0;9.0;2342.0;9.0
91272001;GIF-SUR-YVETTE-INRAE;48.714333;2.151;157;20240818;0.0;1.0;12.5;1.0;600.0;9.0;19.6;1.0;1248.0;9.0;15.8;1;16.1;1.0;7.1;1.0;12.2;9.0;12.3;9.0;2.0;9;8.0;9.0;310.0;9.0;1012.0;9.0
91272001;GIF-SUR-YVETTE-INRAE;48.714333;2.151;157;20240819;0.5;1.0;9.9;1.0;412.0;9.0;22.7;1.0;1542.0;9.0;16.4;1;16.3;1.0;12.8;1.0;6.7;9.0;8.2;9.0;0.7;9;6.0;9.0;230.0;9.0;1242.0;9.0
91272001;GIF-SUR-YVETTE-INRAE;48.714333;2.151;157;20240820;8.0;1.0;13.3;1.0;418.0;9.0;23.4;1.0;1318.0;9.0;16.8;1;18.4;1.0;10.1;1.0;8.9;9.0;11.0;9.0;1.6;9;8.0;9.0;360.0;9.0;1706.0;9.0
91272001;GIF-SUR-YVETTE-INRAE;48.714333;2.151;157;20240821;0.0;1.0;10.3;1.0;512.0;9.0;21.0;1.0;1500.0;9.0;15.2;1;15.7;1.0;10.7;1.0;7.2;9.0;9.5;9.0;1.0;9;4.0;9.0;300.0;9.0;1618.0;9.0
91272001;GIF-SUR-YVETTE-INRAE;48.714333;2.151;157;20240822;0.0;1.0;11.0;1.0;400.0;9.0;24.5;1.0;1542.0;9.0;18.2;1;17.8;1.0;13.5;1.0;7.2;9.0;8.8;9.0;1.8;9;8.0;9.0;170.0;9.0;1306.0;9.0
91272001;GIF-SUR-YVETTE-INRAE;48.714333;2.151;157;20240823;0.0;1.0;15.0;1.0;212.0;9.0;24.5;1.0;1500.0;9.0;20.3;1;19.8;1.0;9.5;1.0;12.6;9.0;14.5;9.0;2.7;9;9.0;9.0;240.0;9.0;1100.0;9.0
91272001;GIF-SUR-YVETTE-INRAE;48.714333;2.151;157;20240824;3.0;1.0;17.1;1.0;1754.0;9.0;28.4;1.0;1254.0;9.0;20.0;1;22.8;1.0;11.3;1.0;16.0;9.0;16.0;9.0;2.8;9;11.0;9.0;300.0;9.0;1542.0;9.0
91272001;GIF-SUR-YVETTE-INRAE;48.714333;2.151;157;20240825;0.0;1.0;10.0;1.0;406.0;9.0;21.8;1.0;1512.0;9.0;15.3;1;15.9;1.0;11.8;1.0;7.2;9.0;9.0;9.0;1.1;9;6.0;9.0;320.0;9.0;1342.0;9.0
91272001;GIF-SUR-YVETTE-INRAE;48.714333;2.151;157;20240826;0.5;1.0;9.3;1.0;454.0;9.0;23.1;1.0;1736.0;9.0;16.6;1;16.2;1.0;13.8;1.0;5.5;9.0;7.3;9.0;0.8;9;5.0;9.0;300.0;9.0;1242.0;9.0
91272001;GIF-SUR-YVETTE-INRAE;48.714333;2.151;157;20240827;0.0;1.0;11.0;1.0;442.0;9.0;26.4;1.0;1542.0;9.0;18.5;1;18.7;1.0;15.4;1.0;6.7;9.0;8.5;9.0;1.0;9;6.0;9.0;120.0;9.0;1106.0;9.0
91272001;GIF-SUR-YVETTE-INRAE;48.714333;2.151;157;20240828;0.0;1.0;12.7;1.0;454.0;9.0;30.6;1.0;1424.0;9.0;22.3;1;21.7;1.0;17.9;1.0;7.8;9.0;10.1;9.0;1.4;9;6.0;9.0;180.0;9.0;1436.0;9.0
91272001;GIF-SUR-YVETTE-INRAE;48.714333;2.151;157;20240829;0.0;1.0;15.4;1.0;512.0;9.0;24.2;1.0;1306.0;9.0;19.7;1;19.8;1.0;8.8;1.0;13.9;9.0;14.7;9.0;1.8;9;5.0;9.0;360.0;9.0;2236.0;9.0
91272001;GIF-SUR-YVETTE-INRAE;48.714333;2.151;157;20240830;11.5;1.0;14.9;1.0;548.0;9.0;17.9;2.0;1436.0;9.0;16.4;1;16.4;2.0;3.0;2.0;13.4;9.0;13.5;9.0;1.8;9;6.0;9.0;360.0;9.0;1012.0;9.0
91272001;GIF-SUR-YVETTE-INRAE;48.714333;2.151;157;20240831;1.5;1.0;14.8;1.0;506.0;9.0;22.7;1.0;1536.0;9.0;18.6;1;18.8;1.0;7.9;1.0;14.0;9.0;14.4;9.0;1.4;9;6.0;9.0;360.0;9.0;1124.0;9.0
91272001;GIF-SUR-YVETTE-INRAE;48.714333;2.151;157;20240901;0.5;1.0;17.6;1.0;12.0;9.0;26.5;1.0;1312.0;9.0;21.7;1;22.1;1.0;8.9;1.0;14.0;9.0;15.6;9.0;1.6;9;8.0;9.0;180.0;9.0;1242.0;9.0
91272001;GIF-SUR-YVETTE-INRAE;48.714333;2.151;157;20240902;0.5;1.0;16.0;1.0;536.0;9.0;24.1;1.0;1412.0;9.0;19.5;1;20.1;1.0;8.1;1.0;11.9;9.0;14.8;9.0;1.2;9;6.0;9.0;170.0;9.0;1412.0;9.0
91272001;GIF-SUR-YVETTE-INRAE;48.714333;2.151;157;20240903;2.0;1.0;16.5;1.0;842.0;9.0;20.2;1.0;1330.0;9.0;18.1;1;18.4;1.0;3.7;1.0;15.9;9.0;16.3;9.0;1.2;9;5.0;9.0;360.0;9.0;842.0;9.0
91272001;GIF-SUR-YVETTE-INRAE;48.714333;2.151;157;20240904;8.5;1.0;14.9;1.0;606.0;9.0;21.1;1.0;1242.0;9.0;17.5;1;18.0;1.0;6.2;1.0;13.9;9.0;14.3;9.0;1.3;9;5.0;9.0;360.0;9.0;2254.0;9.0
91272001;GIF-SUR-YVETTE-INRAE;48.714333;2.151;157;20240905;14.5;1.0;13.8;1.0;800.0;9.0;16.9;1.0;1618.0;9.0;14.4;1;15.4;1.0;3.1;1.0;13.7;9.0;13.6;9.0;1.4;9;8.0;9.0;360.0;9.0;736.0;9.0
91272001;GIF-SUR-YVETTE-INRAE;48.714333;2.151;157;20240906;3.5;1.0;10.1;1.0;500.0;9.0;21.9;1.0;1448.0;9.0;16.5;1;16.0;1.0;11.8;1.0;6.4;9.0;7.9;9.0;1.3;9;6.0;9.0;360.0;9.0;1642.0;9.0
91272001;GIF-SUR-YVETTE-INRAE;48.714333;2.151;157;20240907;1.0;1.0;15.2;1.0;254.0;9.0;20.6;1.0;1318.0;9.0;17.1;1;17.9;1.0;5.4;1.0;11.9;9.0;13.6;9.0;1.6;9;6.0;9.0;360.0;9.0;2130.0;9.0
91272001;GIF-SUR-YVETTE-INRAE;48.714333;2.151;157;20240908;9.5;1.0;12.6;1.0;448.0;9.0;20.1;1.0;1406.0;9.0;15.4;1;16.4;1.0;7.5;1.0;10.5;9.0;12.0;9.0;2.5;9;8.0;9.0;180.0;9.0;1342.0;9.0
91272001;GIF-SUR-YVETTE-INRAE;48.714333;2.151;157;20240909;1.0;1.0;13.8;1.0;242.0;9.0;16.3;1.0;1054.0;9.0;14.7;1;15.1;1.0;2.5;1.0;12.1;9.0;13.2;9.0;2.3;9;8.0;9.0;360.0;9.0;1130.0;9.0
91272001;GIF-SUR-YVETTE-INRAE;48.714333;2.151;157;20240910;2.5;1.0;10.0;1.0;530.0;9.0;17.0;1.0;1142.0;9.0;13.9;1;13.5;1.0;7.0;1.0;8.3;9.0;9.1;9.0;2.2;9;8.0;9.0;360.0;9.0;2148.0;9.0
91272001;GIF-SUR-YVETTE-INRAE;48.714333;2.151;157;20240911;0.0;1.0;11.1;1.0;700.0;9.0;16.5;1.0;1400.0;9.0;12.6;1;13.8;1.0;5.4;1.0;8.7;9.0;10.7;9.0;1.9;9;9.0;9.0;360.0;9.0;300.0;9.0
91272001;GIF-SUR-YVETTE-INRAE;48.714333;2.151;157;20240912;2.5;1.0;6.4;1.0;524.0;9.0;15.1;1.0;1148.0;9.0;10.1;1;10.8;1.0;8.7;1.0;3.4;9.0;4.8;9.0;1.3;9;9.0;9.0;360.0;9.0;1354.0;9.0
91272001;GIF-SUR-YVETTE-INRAE;48.714333;2.151;157;20240913;0.0;1.0;5.0;1.0;448.0;9.0;16.5;1.0;1336.0;9.0;10.4;1;10.8;1.0;11.5;1.0;2.3;9.0;3.1;9.0;1.7;9;8.0;9.0;360.0;9.0;1442.0;9.0
91272001;GIF-SUR-YVETTE-INRAE;48.714333;2.151;157;20240914;0.0;1.0;4.9;1.0;412.0;9.0;17.0;1.0;1430.0;9.0;10.8;1;11.0;1.0;12.1;1.0;1.0;9.0;2.6;9.0;0.8;9;5.0;9.0;360.0;9.0;1348.0;9.0
91272001;GIF-SUR-YVETTE-INRAE;48.714333;2.151;157;20240915;0.0;1.0;4.7;1.0;448.0;9.0;18.8;1.0;1454.0;9.0;12.4;1;11.8;1.0;14.1;1.0;0.7;9.0;2.0;9.0;0.8;9;7.0;9.0;360.0;9.0;1254.0;9.0
91272001;GIF-SUR-YVETTE-INRAE;48.714333;2.151;157;20240916;0.0;1.0;9.8;1.0;230.0;9.0;19.4;1.0;1536.0;9.0;14.8;1;14.6;1.0;9.6;1.0;6.3;9.0;7.9;9.0;1.7;9;6.0;9.0;360.0;9.0;2300.0;9.0
91272001;GIF-SUR-YVETTE-INRAE;48.714333;2.151;157;20240917;0.0;1.0;12.6;1.0;548.0;9.0;20.3;1.0;1530.0;9.0;15.6;1;16.5;1.0;7.7;1.0;11.6;9.0;12.1;9.0;2.8;9;8.0;9.0;60.0;9.0;1512.0;9.0
91272001;GIF-SUR-YVETTE-INRAE;48.714333;2.151;157;20240918;0.5;1.0;12.9;1.0;554.0;9.0;23.2;1.0;1418.0;9.0;17.9;1;18.1;1.0;10.3;1.0;11.8;9.0;12.3;9.0;2.4;9;8.0;9.0;80.0;9.0;1406.0;9.0
91272001;GIF-SUR-YVETTE-INRAE;48.714333;2.151;157;20240919;0.0;1.0;14.1;1.0;542.0;9.0;24.5;1.0;1354.0;9.0;18.7;1;19.3;1.0;10.4;1.0;12.6;9.0;13.3;9.0;2.4;9;9.0;9.0;90.0;9.0;1430.0;9.0
91272001;GIF-SUR-YVETTE-INRAE;48.714333;2.151;157;20240920;2.0;1.0;11.5;1.0;524.0;9.0;23.1;1.0;1454.0;9.0;16.3;1;17.3;1.0;11.6;1.0;6.7;9.0;9.1;9.0;1.2;9;7.0;9.0;90.0;9.0;1242.0;9.0
91272001;GIF-SUR-YVETTE-INRAE;48.714333;2.151;157;20240921;4.0;1.0;12.4;1.0;130.0;9.0;21.9;1.0;1400.0;9.0;17.8;1;17.2;1.0;9.5;1.0;8.3;9.0;10.1;9.0;1.6;9;6.0;9.0;130.0;9.0;1354.0;9.0
91272001;GIF-SUR-YVETTE-INRAE;48.714333;2.151;157;20240922;17.0;1.0;15.9;1.0;500.0;9.0;18.6;1.0;1318.0;9.0;16.4;1;17.3;1.0;2.7;1.0;14.7;9.0;15.1;9.0;1.6;9;5.0;9.0;120.0;9.0;1524.0;9.0
91272001;GIF-SUR-YVETTE-INRAE;48.714333;2.151;157;20240923;9.0;1.0;13.8;1.0;1754.0;9.0;18.1;1.0;1124.0;9.0;14.5;1;16.0;1.0;4.3;1.0;12.5;9.0;12.9;9.0;2.0;9;6.0;9.0;360.0;9.0;2318.0;9.0
91272001;GIF-SUR-YVETTE-INRAE;48.714333;2.151;157;20240924;0.5;1.0;13.2;1.0;636.0;9.0;16.3;1.0;1412.0;9.0;14.3;1;14.8;1.0;3.1;1.0;11.1;9.0;12.0;9.0;1.9;9;8.0;9.0;20.0;9.0;1236.0;9.0
91272001;GIF-SUR-YVETTE-INRAE;48.714333;2.151;157;20240925;22.5;1.0;12.2;1.0;612.0;9.0;15.6;1.0;136.0;9.0;14.2;1;13.9;1.0;3.4;1.0;10.7;9.0;12.0;9.0;2.1;9;8.0;9.0;90.0;9.0;2042.0;9.0
91272001;GIF-SUR-YVETTE-INRAE;48.714333;2.151;157;20240926;12.5;1.0;13.8;1.0;1400.0;9.0;18.8;1.0;1148.0;9.0;15.0;1;16.3;1.0;5.0;1.0;13.4;9.0;13.2;9.0;2.9;9;9.0;9.0;220.0;9.0;1154.0;9.0
91272001;GIF-SUR-YVETTE-INRAE;48.714333;2.151;157;20240927;4.0;1.0;10.5;1.0;442.0;9.0;15.3;1.0;1054.0;9.0;12.0;1;12.9;1.0;4.8;1.0;9.3;9.0;10.0;9.0;2.5;9;10.0;9.0;360.0;9.0;1218.0;9.0
91272001;GIF-SUR-YVETTE-INRAE;48.714333;2.151;157;20240928;0.5;1.0;6.1;1.0;554.0;9.0;14.1;1.0;1512.0;9.0;9.1;1;10.1;1.0;8.0;1.0;1.5;9.0;4.1;9.0;0.8;9;4.0;9.0;360.0;9.0;1324.0;9.0
91272001;GIF-SUR-YVETTE-INRAE;48.714333;2.151;157;20240929;0.5;1.0;3.6;1.0;548.0;9.0;13.5;1.0;554.0;9.0;8.8;1;8.6;1.0;9.9;1.0;-0.2;9.0;1.2;9.0;1.7;9;7.0;9.0;360.0;9.0;2354.0;9.0
91272001;GIF-SUR-YVETTE-INRAE;48.714333;2.151;157;20240930;0.5;1.0;10.9;1.0;6.0;9.0;17.0;1.0;1124.0;9.0;14.0;1;14.0;1.0;6.1;1.0;9.5;9.0;10.0;9.0;2.8;9;9.0;9.0;90.0;9.0;536.0;9.0
91272001;GIF-SUR-YVETTE-INRAE;48.714333;2.151;157;20241001;0.0;1.0;10.7;1.0;542.0;9.0;17.6;1.0;1554.0;9.0;13.1;1;14.2;1.0;6.9;1.0;7.4;9.0;9.5;9.0;1.5;9;6.0;9.0;90.0;9.0;1136.0;9.0
91272001;GIF-SUR-YVETTE-INRAE;48.714333;2.151;157;20241002;2.0;1.0;11.2;1.0;1754.0;9.0;13.9;1.0;942.0;9.0;12.3;1;12.6;1.0;2.7;1.0;5.9;9.0;8.2;9.0;1.8;9;6.0;9.0;360.0;9.0;2142.0;9.0
91272001;GIF-SUR-YVETTE-INRAE;48.714333;2.151;157;20241003;0.5;1.0;9.4;1.0;1754.0;9.0;13.6;1.0;1348.0;9.0;10.4;1;11.5;1.0;4.2;1.0;6.1;9.0;7.9;9.0;1.7;9;6.0;9.0;360.0;9.0;1400.0;9.0
91272001;GIF-SUR-YVETTE-INRAE;48.714333;2.151;157;20241004;0.0;1.0;5.3;1.0;154.0;9.0;15.7;1.0;1500.0;9.0;9.7;1;10.5;1.0;10.4;1.0;0.1;9.0;2.8;9.0;0.9;9;5.0;9.0;360.0;9.0;1506.0;9.0
91272001;GIF-SUR-YVETTE-INRAE;48.714333;2.151;157;20241005;0.0;1.0;4.3;1.0;418.0;9.0;16.1;1.0;1418.0;9.0;10.5;1;10.2;1.0;11.8;1.0;-0.3;9.0;1.4;9.0;1.9;9;7.0;9.0;360.0;9.0;1530.0;9.0
91272001;GIF-SUR-YVETTE-INRAE;48.714333;2.151;157;20241006;2.5;1.0;9.4;1.0;548.0;9.0;16.7;1.0;1600.0;9.0;13.0;1;13.1;1.0;7.3;1.0;8.0;9.0;8.7;9.0;2.6;9;8.0;9.0;360.0;9.0;2112.0;9.0
91272001;GIF-SUR-YVETTE-INRAE;48.714333;2.151;157;20241007;24.0;1.0;12.1;1.0;636.0;9.0;16.5;1.0;2030.0;9.0;14.8;1;14.3;1.0;4.4;1.0;8.5;9.0;11.2;9.0;2.0;9;6.0;9.0;30.0;9.0;2142.0;9.0
91272001;GIF-SUR-YVETTE-INRAE;48.714333;2.151;157;20241008;2.0;1.0;12.7;1.0;700.0;9.0;18.4;1.0;1306.0;9.0;14.7;1;15.6;1.0;5.7;1.0;11.4;9.0;12.3;9.0;3.4;9;10.0;9.0;190.0;9.0;2106.0;9.0
91272001;GIF-SUR-YVETTE-INRAE;48.714333;2.151;157;20241009;68.0;1.0;12.6;1.0;1754.0;9.0;16.2;1.0;1600.0;9.0;13.5;1;14.4;1.0;3.6;1.0;12.1;9.0;12.3;9.0;3.3;9;10.0;9.0;320.0;9.0;1948.0;9.0
91272001;GIF-SUR-YVETTE-INRAE;48.714333;2.151;157;20241010;0.5;1.0;11.6;1.0;1754.0;9.0;16.3;1.0;1318.0;9.0;12.5;1;14.0;1.0;4.7;1.0;9.6;9.0;10.6;9.0;2.1;9;8.0;9.0;360.0;9.0;1430.0;9.0
91272001;GIF-SUR-YVETTE-INRAE;48.714333;2.151;157;20241011;0.0;1.0;6.4;1.0;554.0;9.0;14.3;1.0;1354.0;9.0;9.9;1;10.4;1.0;7.9;1.0;2.1;9.0;4.7;9.0;1.3;9;4.0;9.0;360.0;9.0;2324.0;9.0
91272001;GIF-SUR-YVETTE-INRAE;48.714333;2.151;157;20241012;0.5;1.0;7.8;1.0;242.0;9.0;15.8;1.0;1530.0;9.0;11.6;1;11.8;1.0;8.0;1.0;2.7;9.0;6.2;9.0;1.5;9;4.0;9.0;360.0;9.0;2354.0;9.0
91272001;GIF-SUR-YVETTE-INRAE;48.714333;2.151;157;20241013;0.0;1.0;9.3;1.0;700.0;9.0;15.1;1.0;1436.0;9.0;12.1;1;12.2;1.0;5.8;1.0;5.7;9.0;7.8;9.0;1.4;9;8.0;9.0;360.0;9.0;148.0;9.0
91272001;GIF-SUR-YVETTE-INRAE;48.714333;2.151;157;20241014;0.0;1.0;9.8;1.0;606.0;9.0;19.4;1.0;1124.0;9.0;14.0;1;14.6;1.0;9.6;1.0;5.9;9.0;8.0;9.0;1.4;9;7.0;9.0;270.0;9.0;1130.0;9.0
91272001;GIF-SUR-YVETTE-INRAE;48.714333;2.151;157;20241015;0.5;1.0;10.4;1.0;242.0;9.0;17.6;1.0;1506.0;9.0;14.7;1;14.0;1.0;7.2;1.0;6.9;9.0;8.9;9.0;1.9;9;6.0;9.0;360.0;9.0;1830.0;9.0
91272001;GIF-SUR-YVETTE-INRAE;48.714333;2.151;157;20241016;3.5;1.0;14.4;1.0;254.0;9.0;24.1;1.0;1330.0;9.0;19.0;1;19.3;1.0;9.7;1.0;12.5;9.0;13.6;9.0;2.8;9;9.0;9.0;360.0;9.0;2254.0;9.0
91272001;GIF-SUR-YVETTE-INRAE;48.714333;2.151;157;20241017;48.0;1.0;15.1;1.0;612.0;9.0;16.6;1.0;1354.0;9.0;15.4;1;15.9;1.0;1.5;1.0;13.6;9.0;14.5;9.0;2.4;9;10.0;9.0;360.0;9.0;1448.0;9.0
91272001;GIF-SUR-YVETTE-INRAE;48.714333;2.151;157;20241018;0.5;1.0;11.9;1.0;300.0;9.0;14.1;1.0;1442.0;9.0;12.8;1;13.0;1.0;2.2;1.0;11.8;9.0;11.7;9.0;2.2;9;7.0;9.0;360.0;9.0;536.0;9.0
91272001;GIF-SUR-YVETTE-INRAE;48.714333;2.151;157;20241019;4.5;1.0;9.8;1.0;242.0;9.0;15.6;1.0;1342.0;9.0;12.7;1;12.7;1.0;5.8;1.0;7.0;9.0;8.8;9.0;2.2;9;8.0;9.0;90.0;9.0;1248.0;9.0
91272001;GIF-SUR-YVETTE-INRAE;48.714333;2.151;157;20241020;0.0;1.0;11.2;1.0;500.0;9.0;18.1;1.0;1842.0;9.0;15.1;1;14.7;1.0;6.9;1.0;8.8;9.0;10.4;9.0;3.0;9;8.0;9.0;360.0;9.0;2242.0;9.0
91272001;GIF-SUR-YVETTE-INRAE;48.714333;2.151;157;20241021;0.5;1.0;14.7;1.0;1754.0;9.0;19.6;1.0;1342.0;9.0;16.0;1;17.2;1.0;4.9;1.0;14.1;9.0;14.6;9.0;2.0;9;9.0;9.0;360.0;9.0;1912.0;9.0
91272001;GIF-SUR-YVETTE-INRAE;48.714333;2.151;157;20241022;0.0;1.0;10.0;1.0;518.0;9.0;16.5;1.0;1454.0;9.0;11.9;1;13.3;1.0;6.5;1.0;5.3;9.0;8.3;9.0;1.1;9;4.0;9.0;360.0;9.0;1230.0;9.0
91272001;GIF-SUR-YVETTE-INRAE;48.714333;2.151;157;20241023;0.5;1.0;5.4;1.0;436.0;9.0;16.7;1.0;1336.0;9.0;10.8;1;11.1;1.0;11.3;1.0;1.1;9.0;3.3;9.0;1.0;9;5.0;9.0;360.0;9.0;1506.0;9.0
91272001;GIF-SUR-YVETTE-INRAE;48.714333;2.151;157;20241024;0.0;1.0;5.1;1.0;648.0;9.0;17.7;1.0;1500.0;9.0;12.2;1;11.4;1.0;12.6;1.0;0.3;9.0;3.3;9.0;1.5;9;5.0;9.0;360.0;9.0;1130.0;9.0
91272001;GIF-SUR-YVETTE-INRAE;48.714333;2.151;157;20241025;1.5;1.0;11.9;1.0;630.0;9.0;18.5;1.0;1054.0;9.0;14.3;1;15.2;1.0;6.6;1.0;7.3;9.0;10.9;9.0;1.6;9;10.0;9.0;360.0;9.0;1106.0;9.0
91272001;GIF-SUR-YVETTE-INRAE;48.714333;2.151;157;20241026;2.5;1.0;13.0;1.0;424.0;9.0;18.5;1.0;1442.0;9.0;14.5;1;15.8;1.0;5.5;1.0;9.1;9.0;12.1;9.0;1.1;9;3.0;9.0;360.0;9.0;2318.0;9.0
91272001;GIF-SUR-YVETTE-INRAE;48.714333;2.151;157;20241027;0.0;1.0;13.0;1.0;554.0;9.0;16.5;1.0;1148.0;9.0;14.0;1;14.8;1.0;3.5;1.0;8.3;9.0;10.9;9.0;1.6;9;6.0;9.0;360.0;9.0;512.0;9.0
91272001;GIF-SUR-YVETTE-INRAE;48.714333;2.151;157;20241028;0.5;1.0;9.0;1.0;336.0;9.0;16.2;1.0;1330.0;9.0;12.0;1;12.6;1.0;7.2;1.0;5.8;9.0;7.7;9.0;0.8;9;4.0;9.0;90.0;9.0;1248.0;9.0
91272001;GIF-SUR-YVETTE-INRAE;48.714333;2.151;157;20241029;0.0;1.0;9.7;1.0;724.0;9.0;12.0;1.0;1436.0;9.0;10.3;1;10.9;1.0;2.3;1.0;6.1;9.0;8.5;9.0;0.8;9;4.0;9.0;360.0;9.0;924.0;9.0
91272001;GIF-SUR-YVETTE-INRAE;48.714333;2.151;157;20241030;0.0;1.0;9.9;1.0;6.0;9.0;12.7;1.0;1512.0;9.0;11.4;1;11.3;1.0;2.8;1.0;3.1;9.0;5.6;9.0;1.6;9;6.0;9.0;360.0;9.0;1554.0;9.0
91272001;GIF-SUR-YVETTE-INRAE;48.714333;2.151;157;20241031;0.5;1.0;9.1;1.0;954.0;9.0;10.1;1.0;1500.0;9.0;9.8;1;9.6;1.0;1.0;1.0;9.8;9.0;9.3;9.0;1.6;9;4.0;9.0;70.0;9.0;1418.0;9.0
91272001;GIF-SUR-YVETTE-INRAE;48.714333;2.151;157;20241101;0.0;1.0;7.6;1.0;724.0;9.0;9.8;1.0;1918.0;9.0;8.8;1;8.7;1.0;2.2;1.0;8.0;9.0;7.7;9.0;1.2;9;5.0;9.0;360.0;9.0;2118.0;9.0
91272001;GIF-SUR-YVETTE-INRAE;48.714333;2.151;157;20241102;0.0;1.0;8.6;1.0;700.0;9.0;11.2;1.0;1530.0;9.0;9.9;1;9.9;1.0;2.6;1.0;8.7;9.0;8.4;9.0;2.3;9;6.0;9.0;360.0;9.0;1836.0;9.0
91272001;GIF-SUR-YVETTE-INRAE;48.714333;2.151;157;20241103;0.0;1.0;8.1;1.0;1754.0;9.0;8.7;1.0;736.0;9.0;8.5;1;8.4;1.0;0.6;1.0;8.0;9.0;8.0;9.0;2.1;9;6.0;9.0;360.0;9.0;748.0;9.0
91272001;GIF-SUR-YVETTE-INRAE;48.714333;2.151;157;20241104;0.0;1.0;6.5;1.0;754.0;9.0;14.9;1.0;1436.0;9.0;9.5;1;10.7;1.0;8.4;1.0;5.0;9.0;6.4;9.0;1.4;9;5.0;9.0;360.0;9.0;1754.0;9.0
91272001;GIF-SUR-YVETTE-INRAE;48.714333;2.151;157;20241105;0.0;1.0;6.6;1.0;712.0;9.0;11.9;1.0;1524.0;9.0;9.3;1;9.3;1.0;5.3;1.0;5.1;9.0;6.3;9.0;1.0;9;4.0;9.0;360.0;9.0;18.0;9.0
91272001;GIF-SUR-YVETTE-INRAE;48.714333;2.151;157;20241106;0.0;1.0;8.6;1.0;830.0;9.0;10.4;1.0;1554.0;9.0;9.4;1;9.5;1.0;1.8;1.0;8.6;9.0;8.6;9.0;1.9;9;4.0;9.0;360.0;9.0;2330.0;9.0
91272001;GIF-SUR-YVETTE-INRAE;48.714333;2.151;157;20241107;0.5;1.0;8.8;1.0;254.0;9.0;10.9;1.0;1148.0;9.0;9.6;1;9.9;1.0;2.1;1.0;8.9;9.0;8.6;9.0;1.8;9;6.0;9.0;360.0;9.0;1818.0;9.0
91272001;GIF-SUR-YVETTE-INRAE;48.714333;2.151;157;20241108;0.0;1.0;6.7;1.0;324.0;9.0;9.0;1.0;2242.0;9.0;8.0;1;7.9;1.0;2.3;1.0;7.2;9.0;6.7;9.0;1.4;9;4.0;9.0;360.0;9.0;1854.0;9.0
91272001;GIF-SUR-YVETTE-INRAE;48.714333;2.151;157;20241109;0.0;1.0;8.5;1.0;742.0;9.0;10.3;1.0;242.0;9.0;9.4;1;9.4;1.0;1.8;1.0;8.8;9.0;8.6;9.0;0.9;9;3.0;9.0;360.0;9.0;836.0;9.0
91272001;GIF-SUR-YVETTE-INRAE;48.714333;2.151;157;20241110;1.0;1.0;9.4;1.0;1754.0;9.0;10.8;1.0;1542.0;9.0;9.4;1;10.1;1.0;1.4;1.0;6.5;9.0;8.0;9.0;1.8;9;6.0;9.0;360.0;9.0;1024.0;9.0
91272001;GIF-SUR-YVETTE-INRAE;48.714333;2.151;157;20241111;0.5;1.0;4.6;1.0;130.0;9.0;12.4;1.0;1400.0;9.0;8.6;1;8.5;1.0;7.8;1.0;0.7;9.0;2.4;9.0;1.9;9;8.0;9.0;360.0;9.0;1430.0;9.0
91272001;GIF-SUR-YVETTE-INRAE;48.714333;2.151;157;20241112;1.5;1.0;6.0;1.0;6.0;9.0;9.4;1.0;1442.0;9.0;8.4;1;7.7;1.0;3.4;1.0;3.4;9.0;4.7;9.0;3.9;9;10.0;9.0;360.0;9.0;1054.0;9.0
91272001;GIF-SUR-YVETTE-INRAE;48.714333;2.151;157;20241113;0.0;1.0;6.0;1.0;1754.0;9.0;8.4;1.0;1212.0;9.0;7.3;1;7.2;1.0;2.4;1.0;3.4;9.0;4.8;9.0;2.3;9;6.0;9.0;360.0;9.0;1518.0;9.0
91272001;GIF-SUR-YVETTE-INRAE;48.714333;2.151;157;20241114;0.0;1.0;5.2;1.0;518.0;9.0;11.8;1.0;1306.0;9.0;8.5;1;8.5;1.0;6.6;1.0;0.4;9.0;2.0;9.0;1.3;9;6.0;9.0;360.0;9.0;1342.0;9.0
91272001;GIF-SUR-YVETTE-INRAE;48.714333;2.151;157;20241115;0.0;1.0;8.1;1.0;736.0;9.0;9.4;1.0;1418.0;9.0;8.6;1;8.8;1.0;1.3;1.0;5.6;9.0;7.3;9.0;1.3;9;4.0;9.0;360.0;9.0;1336.0;9.0
91272001;GIF-SUR-YVETTE-INRAE;48.714333;2.151;157;20241116;0.0;1.0;5.4;1.0;1700.0;9.0;8.6;1.0;1312.0;9.0;6.5;1;7.0;1.0;3.2;1.0;3.1;9.0;4.6;9.0;1.3;9;5.0;9.0;360.0;9.0;2254.0;9.0
91272001;GIF-SUR-YVETTE-INRAE;48.714333;2.151;157;20241117;0.5;1.0;3.5;1.0;36.0;9.0;8.6;1.0;1500.0;9.0;5.9;1;6.1;1.0;5.1;1.0;1.4;9.0;2.8;9.0;2.8;9;7.0;9.0;360.0;9.0;624.0;9.0
91272001;GIF-SUR-YVETTE-INRAE;48.714333;2.151;157;20241118;7.0;1.0;5.9;1.0;124.0;9.0;10.6;1.0;336.0;9.0;8.6;1;8.3;1.0;4.7;1.0;4.1;9.0;5.2;9.0;4.3;9;10.0;9.0;360.0;9.0;2306.0;9.0
91272001;GIF-SUR-YVETTE-INRAE;48.714333;2.151;157;20241119;13.5;1.0;8.0;1.0;1754.0;9.0;11.6;1.0;1142.0;9.0;9.4;1;9.8;1.0;3.6;1.0;7.0;9.0;7.0;9.0;5.5;9;14.0;9.0;360.0;9.0;1348.0;9.0
91272001;GIF-SUR-YVETTE-INRAE;48.714333;2.151;157;20241120;0.5;1.0;1.3;1.0;606.0;9.0;6.6;1.0;1230.0;9.0;3.1;1;4.0;1.0;5.3;1.0;-1.2;9.0;0.0;9.0;2.4;9;11.0;9.0;360.0;9.0;1624.0;9.0
91272001;GIF-SUR-YVETTE-INRAE;48.714333;2.151;157;20241121;0.5;2.0;-0.5;1.0;236.0;9.0;0.9;1.0;906.0;9.0;-0.3;1;0.2;1.0;1.4;1.0;-2.7;9.0;-1.7;9.0;2.6;9;10.0;9.0;360.0;9.0;1648.0;9.0
91272001;GIF-SUR-YVETTE-INRAE;48.714333;2.151;157;20241122;3.0;1.0;-3.0;1.0;206.0;9.0;3.2;1.0;1436.0;9.0;0.6;1;0.1;1.0;6.2;1.0;-3.0;9.0;-5.1;9.0;2.3;9;13.0;9.0;360.0;9.0;1106.0;9.0
91272001;GIF-SUR-YVETTE-INRAE;48.714333;2.151;157;20241123;1.5;1.0;0.6;1.0;318.0;9.0;12.8;1.0;554.0;9.0;5.0;1;6.7;1.0;12.2;1.0;-1.8;9.0;-0.2;9.0;4.2;9;12.0;9.0;360.0;9.0;2224.0;9.0
91272001;GIF-SUR-YVETTE-INRAE;48.714333;2.151;157;20241124;0.0;1.0;10.6;1.0;0.0;9.0;16.4;1.0;1454.0;9.0;14.1;1;13.5;1.0;5.8;1.0;6.1;9.0;7.4;9.0;5.7;9;13.0;9.0;360.0;9.0;254.0;9.0
91272001;GIF-SUR-YVETTE-INRAE;48.714333;2.151;157;20241125;11.5;1.0;8.7;1.0;1754.0;9.0;14.5;1.0;600.0;9.0;11.0;1;11.6;1.0;5.8;1.0;6.7;9.0;8.0;9.0;3.0;9;10.0;9.0;360.0;9.0;748.0;9.0
91272001;GIF-SUR-YVETTE-INRAE;48.714333;2.151;157;20241126;0.0;1.0;7.3;1.0;930.0;9.0;9.8;1.0;554.0;9.0;7.9;1;8.6;1.0;2.5;1.0;3.8;9.0;6.7;9.0;2.7;9;8.0;9.0;360.0;9.0;1300.0;9.0
91272001;GIF-SUR-YVETTE-INRAE;48.714333;2.151;157;20241127;2.0;1.0;8.5;1.0;6.0;9.0;13.1;1.0;1712.0;9.0;10.2;1;10.8;1.0;4.6;1.0;3.4;9.0;5.4;9.0;4.4;9;14.0;9.0;90.0;9.0;1018.0;9.0
91272001;GIF-SUR-YVETTE-INRAE;48.714333;2.151;157;20241128;0.5;1.0;3.8;1.0;1730.0;9.0;8.8;1.0;1412.0;9.0;6.0;1;6.3;1.0;5.0;1.0;-0.6;9.0;2.3;9.0;1.7;9;5.0;9.0;360.0;9.0;2254.0;9.0
91272001;GIF-SUR-YVETTE-INRAE;48.714333;2.151;157;20241129;0.0;1.0;1.6;1.0;612.0;9.0;7.3;1.0;1412.0;9.0;3.7;1;4.5;1.0;5.7;1.0;-0.7;9.0;0.9;9.0;2.3;9;6.0;9.0;360.0;9.0;1530.0;9.0
91272001;GIF-SUR-YVETTE-INRAE;48.714333;2.151;157;20241130;0.0;1.0;-0.8;1.0;424.0;9.0;7.9;1.0;1242.0;9.0;2.1;1;3.6;1.0;8.7;1.0;-3.3;9.0;-2.2;9.0;1.1;9;4.0;9.0;360.0;9.0;2342.0;9.0
91272001;GIF-SUR-YVETTE-INRAE;48.714333;2.151;157;20241201;0.0;1.0;0.1;1.0;324.0;9.0;11.0;1.0;454.0;9.0;5.2;1;5.6;1.0;10.9;1.0;0.4;9.0;0.2;9.0;2.3;9;8.0;9.0;360.0;9.0;2324.0;9.0
91272001;GIF-SUR-YVETTE-INRAE;48.714333;2.151;157;20241202;2.0;1.0;8.0;1.0;1748.0;9.0;12.0;1.0;1318.0;9.0;9.7;1;10.0;1.0;4.0;1.0;5.3;9.0;6.7;9.0;3.2;9;12.0;9.0;360.0;9.0;1600.0;9.0
91272001;GIF-SUR-YVETTE-INRAE;48.714333;2.151;157;20241203;0.0;1.0;5.2;1.0;248.0;9.0;7.4;1.0;1248.0;9.0;5.8;1;6.3;1.0;2.2;1.0;2.4;9.0;4.4;9.0;1.5;9;6.0;9.0;360.0;9.0;130.0;9.0
91272001;GIF-SUR-YVETTE-INRAE;48.714333;2.151;157;20241204;0.5;1.0;2.1;1.0;206.0;9.0;5.4;1.0;1406.0;9.0;4.0;1;3.8;1.0;3.3;1.0;-1.9;9.0;0.7;9.0;1.8;9;6.0;9.0;360.0;9.0;2148.0;9.0
91272001;GIF-SUR-YVETTE-INRAE;48.714333;2.151;157;20241205;6.5;1.0;3.7;1.0;236.0;9.0;12.7;1.0;2336.0;9.0;7.0;1;8.2;1.0;9.0;1.0;3.8;9.0;3.8;9.0;4.8;9;15.0;9.0;360.0;9.0;2342.0;9.0
91272001;GIF-SUR-YVETTE-INRAE;48.714333;2.151;157;20241206;6.0;1.0;7.6;1.0;1712.0;9.0;11.2;1.0;448.0;9.0;8.6;1;9.4;1.0;3.6;1.0;3.9;9.0;6.5;9.0;3.6;9;12.0;9.0;360.0;9.0;100.0;9.0
91272001;GIF-SUR-YVETTE-INRAE;48.714333;2.151;157;20241207;5.5;1.0;6.1;1.0;1754.0;9.0;10.3;1.0;600.0;9.0;8.1;1;8.2;1.0;4.2;1.0;5.3;9.0;5.3;9.0;5.8;9;15.0;9.0;360.0;9.0;1330.0;9.0
91272001;GIF-SUR-YVETTE-INRAE;48.714333;2.151;157;20241208;3.5;1.0;5.9;1.0;200.0;9.0;7.7;1.0;1224.0;9.0;6.7;1;6.8;1.0;1.8;1.0;5.3;9.0;5.2;9.0;5.7;9;13.0;9.0;360.0;9.0;1336.0;9.0
91272001;GIF-SUR-YVETTE-INRAE;48.714333;2.151;157;20241209;2.5;1.0;4.3;1.0;854.0;9.0;5.7;1.0;1448.0;9.0;5.0;1;5.0;1.0;1.4;1.0;3.3;9.0;3.6;9.0;5.4;9;13.0;9.0;360.0;9.0;412.0;9.0
91272001;GIF-SUR-YVETTE-INRAE;48.714333;2.151;157;20241210;1.5;1.0;3.6;1.0;424.0;9.0;5.6;1.0;1454.0;9.0;4.8;1;4.6;1.0;2.0;1.0;2.9;9.0;3.0;9.0;4.4;9;9.0;9.0;360.0;9.0;854.0;9.0
91272001;GIF-SUR-YVETTE-INRAE;48.714333;2.151;157;20241211;0.0;1.0;3.4;1.0;806.0;9.0;4.3;1.0;624.0;9.0;4.0;1;3.9;1.0;0.9;1.0;3.1;9.0;3.1;9.0;3.0;9;7.0;9.0;360.0;9.0;2112.0;9.0
91272001;GIF-SUR-YVETTE-INRAE;48.714333;2.151;157;20241212;0.0;1.0;3.0;1.0;1754.0;9.0;3.9;1.0;1300.0;9.0;3.1;1;3.5;1.0;0.9;1.0;2.7;9.0;2.9;9.0;2.6;9;6.0;9.0;360.0;9.0;2348.0;9.0
91272001;GIF-SUR-YVETTE-INRAE;48.714333;2.151;157;20241213;0.0;1.0;0.1;1.0;1754.0;9.0;2.7;1.0;1236.0;9.0;1.2;1;1.4;1.0;2.6;1.0;-4.0;9.0;-1.3;9.0;1.5;9;5.0;9.0;360.0;9.0;42.0;9.0
91272001;GIF-SUR-YVETTE-INRAE;48.714333;2.151;157;20241214;0.5;1.0;-0.5;1.0;6.0;9.0;3.9;1.0;2006.0;9.0;2.1;1;1.7;1.0;4.4;1.0;-4.1;9.0;-1.8;9.0;1.9;9;6.0;9.0;360.0;9.0;1412.0;9.0
91272001;GIF-SUR-YVETTE-INRAE;48.714333;2.151;157;20241215;0.0;1.0;1.8;1.0;606.0;9.0;9.0;1.0;312.0;9.0;5.7;1;5.4;1.0;7.2;1.0;-0.1;9.0;1.1;9.0;2.9;9;8.0;9.0;360.0;9.0;1942.0;9.0
91272001;GIF-SUR-YVETTE-INRAE;48.714333;2.151;157;20241216;0.5;1.0;7.8;1.0;1736.0;9.0;8.4;1.0;1300.0;9.0;8.1;1;8.1;1.0;0.6;1.0;7.2;9.0;7.3;9.0;2.4;9;8.0;9.0;360.0;9.0;312.0;9.0
91272001;GIF-SUR-YVETTE-INRAE;48.714333;2.151;157;20241217;1.0;1.0;5.3;1.0;1242.0;9.0;8.1;1.0;554.0;9.0;6.2;1;6.7;1.0;2.8;1.0;4.5;9.0;5.1;9.0;2.3;9;8.0;9.0;360.0;9.0;2100.0;9.0
91272001;GIF-SUR-YVETTE-INRAE;48.714333;2.151;157;20241218;1.0;1.0;7.0;1.0;412.0;9.0;12.8;1.0;1924.0;9.0;10.1;1;9.9;1.0;5.8;1.0;4.3;9.0;5.0;9.0;4.7;9;15.0;9.0;360.0;9.0;2324.0;9.0
91272001;GIF-SUR-YVETTE-INRAE;48.714333;2.151;157;20241219;1.5;1.0;4.1;1.0;1754.0;9.0;12.0;1.0;600.0;9.0;7.5;1;8.1;1.0;7.9;1.0;2.7;9.0;3.6;9.0;4.9;9;13.0;9.0;360.0;9.0;130.0;9.0
91272001;GIF-SUR-YVETTE-INRAE;48.714333;2.151;157;20241220;2.0;1.0;2.0;1.0;330.0;9.0;7.5;1.0;424.0;9.0;4.8;1;4.8;1.0;5.5;1.0;-1.2;9.0;1.0;9.0;3.0;9;8.0;9.0;360.0;9.0;2136.0;9.0
91272001;GIF-SUR-YVETTE-INRAE;48.714333;2.151;157;20241221;9.0;1.0;6.6;1.0;830.0;9.0;11.3;1.0;24.0;9.0;8.2;1;9.0;1.0;4.7;1.0;4.8;9.0;5.5;9.0;4.3;9;13.0;9.0;360.0;9.0;2300.0;9.0
91272001;GIF-SUR-YVETTE-INRAE;48.714333;2.151;157;20241222;6.5;1.0;2.0;1.0;1412.0;9.0;7.3;1.0;1242.0;9.0;6.2;1;4.7;1.0;5.3;1.0;0.6;9.0;1.0;9.0;5.3;9;17.0;9.0;360.0;9.0;1400.0;9.0
91272001;GIF-SUR-YVETTE-INRAE;48.714333;2.151;157;20241223;1.0;1.0;4.5;1.0;812.0;9.0;7.0;1.0;1300.0;9.0;5.5;1;5.8;1.0;2.5;1.0;2.4;9.0;3.3;9.0;3.9;9;12.0;9.0;360.0;9.0;330.0;9.0
91272001;GIF-SUR-YVETTE-INRAE;48.714333;2.151;157;20241224;0.5;1.0;4.2;1.0;130.0;9.0;8.7;1.0;554.0;9.0;6.3;1;6.5;1.0;4.5;1.0;3.5;9.0;3.7;9.0;1.8;9;4.0;9.0;360.0;9.0;1812.0;9.0
91272001;GIF-SUR-YVETTE-INRAE;48.714333;2.151;157;20241225;0.5;1.0;8.2;1.0;224.0;9.0;9.3;1.0;1236.0;9.0;8.5;1;8.8;1.0;1.1;1.0;7.4;9.0;7.5;9.0;0.8;9;4.0;9.0;360.0;9.0;2236.0;9.0
91272001;GIF-SUR-YVETTE-INRAE;48.714333;2.151;157;20241226;0.0;1.0;4.5;1.0;1754.0;9.0;8.6;1.0;1406.0;9.0;5.8;1;6.6;1.0;4.1;1.0;-0.6;9.0;2.4;9.0;1.4;9;4.0;9.0;360.0;9.0;1336.0;9.0
91272001;GIF-SUR-YVETTE-INRAE;48.714333;2.151;157;20241227;0.0;1.0;0.0;1.0;754.0;9.0;7.1;1.0;1354.0;9.0;2.3;1;3.6;1.0;7.1;1.0;-5.4;9.0;-2.5;9.0;0.7;9;2.0;9.0;150.0;9.0;2354.0;9.0
91272001;GIF-SUR-YVETTE-INRAE;48.714333;2.151;157;20241228;0.5;1.0;-2.0;1.0;812.0;9.0;0.0;1.0;554.0;9.0;-0.8;1;-1.0;1.0;2.0;1.0;-4.0;9.0;-1.8;9.0;1.6;9;5.0;9.0;230.0;9.0;1224.0;9.0
91272001;GIF-SUR-YVETTE-INRAE;48.714333;2.151;157;20241229;0.0;1.0;-0.2;1.0;400.0;9.0;3.8;1.0;1554.0;9.0;2.1;1;1.8;1.0;4.0;1.0;-0.1;9.0;-0.3;9.0;1.4;9;4.0;9.0;360.0;9.0;1118.0;9.0
91272001;GIF-SUR-YVETTE-INRAE;48.714333;2.151;157;20241230;0.0;1.0;0.2;1.0;1754.0;9.0;2.8;1.0;612.0;9.0;1.7;1;1.5;1.0;2.6;1.0;0.4;9.0;0.2;9.0;1.7;9;5.0;9.0;360.0;9.0;2124.0;9.0
91272001;GIF-SUR-YVETTE-INRAE;48.714333;2.151;157;20241231;0.0;1.0;0.8;1.0;12.0;9.0;4.4;1.0;2324.0;9.0;2.5;1;2.6;1.0;3.6;1.0;0.3;9.0;0.1;9.0;3.2;9;9.0;9.0;360.0;9.0;2330.0;9.0
91272001;GIF-SUR-YVETTE-INRAE;48.714333;2.151;157;20250101;14.0;1.0;3.2;1.0;324.0;9.0;8.0;1.0;130.0;9.0;5.3;1;5.6;1.0;4.8;1.0;3.1;9.0;3.1;9.0;6.2;9;14.0;9.0;360.0;9.0;2330.0;9.0
91272001;GIF-SUR-YVETTE-INRAE;48.714333;2.151;157;20250102;7.0;1.0;1.9;1.0;900.0;9.0;4.2;1.0;1606.0;9.0;3.7;1;3.1;1.0;2.3;1.0;1.9;9.0;1.7;9.0;2.3;9;14.0;9.0;360.0;9.0;130.0;9.0
91272001;GIF-SUR-YVETTE-INRAE;48.714333;2.151;157;20250103;0.5;1.0;-2.7;1.0;712.0;9.0;3.8;1.0;1324.0;9.0;-0.3;1;0.6;1.0;6.5;1.0;-6.1;9.0;-3.5;9.0;0.9;9;5.0;9.0;360.0;9.0;1336.0;9.0
91272001;GIF-SUR-YVETTE-INRAE;48.714333;2.151;157;20250104;11.0;1.0;-4.8;1.0;618.0;9.0;10.3;1.0;554.0;9.0;-1.5;1;2.8;1.0;15.1;1.0;-8.2;9.0;-6.7;9.0;1.9;9;6.0;9.0;360.0;9.0;2012.0;9.0
91272001;GIF-SUR-YVETTE-INRAE;48.714333;2.151;157;20250105;2.0;1.0;0.4;1.0;0.0;9.0;11.8;1.0;118.0;9.0;10.4;1;6.1;1.0;11.4;1.0;-0.2;9.0;-0.5;9.0;6.1;9;14.0;9.0;360.0;9.0;300.0;9.0
91272001;GIF-SUR-YVETTE-INRAE;48.714333;2.151;157;20250106;2.5;1.0;6.4;1.0;1754.0;9.0;11.5;1.0;754.0;9.0;8.6;1;9.0;1.0;5.1;1.0;4.2;9.0;5.7;9.0;6.4;9;18.0;9.0;360.0;9.0;1012.0;9.0
91272001;GIF-SUR-YVETTE-INRAE;48.714333;2.151;157;20250107;0.0;1.0;2.9;1.0;854.0;9.0;6.2;1.0;1400.0;9.0;4.5;1;4.6;1.0;3.3;1.0;1.4;9.0;2.3;9.0;4.0;9;11.0;9.0;360.0;9.0;1242.0;9.0
91272001;GIF-SUR-YVETTE-INRAE;48.714333;2.151;157;20250108;16.5;1.0;3.0;1.0;1036.0;9.0;11.7;1.0;1818.0;9.0;6.4;1;7.4;1.0;8.7;1.0;2.8;9.0;2.8;9.0;3.5;9;15.0;9.0;360.0;9.0;1630.0;9.0
91272001;GIF-SUR-YVETTE-INRAE;48.714333;2.151;157;20250109;0.5;1.0;1.8;1.0;954.0;9.0;10.1;1.0;742.0;9.0;5.1;1;6.0;1.0;8.3;1.0;-0.1;9.0;1.5;9.0;3.6;9;12.0;9.0;360.0;9.0;900.0;9.0
91272001;GIF-SUR-YVETTE-INRAE;48.714333;2.151;157;20250110;0.0;1.0;1.5;1.0;1730.0;9.0;4.8;1.0;1430.0;9.0;2.3;1;3.2;1.0;3.3;1.0;-3.8;9.0;-0.6;9.0;1.2;9;4.0;9.0;360.0;9.0;1354.0;9.0
91272001;GIF-SUR-YVETTE-INRAE;48.714333;2.151;157;20250111;0.0;1.0;-1.0;1.0;842.0;9.0;1.6;1.0;1224.0;9.0;0.1;1;0.3;1.0;2.6;1.0;-6.6;9.0;-3.4;9.0;2.0;9;4.0;9.0;360.0;9.0;2218.0;9.0
91272001;GIF-SUR-YVETTE-INRAE;48.714333;2.151;157;20250112;0.0;1.0;0.4;1.0;748.0;9.0;3.7;1.0;1500.0;9.0;1.7;1;2.1;1.0;3.3;1.0;0.2;9.0;0.2;9.0;1.8;9;6.0;9.0;90.0;9.0;1842.0;9.0
91272001;GIF-SUR-YVETTE-INRAE;48.714333;2.151;157;20250113;0.0;1.0;0.0;1.0;736.0;9.0;3.7;1.0;1454.0;9.0;0.9;1;1.9;1.0;3.7;1.0;-4.8;9.0;-1.4;9.0;2.0;9;6.0;9.0;70.0;9.0;1254.0;9.0
91272001;GIF-SUR-YVETTE-INRAE;48.714333;2.151;157;20250114;0.0;1.0;-4.3;1.0;636.0;9.0;3.6;1.0;1336.0;9.0;-0.9;1;-0.4;1.0;7.9;1.0;-10.1;9.0;-6.6;9.0;0.8;9;4.0;9.0;320.0;9.0;1436.0;9.0
91272001;GIF-SUR-YVETTE-INRAE;48.714333;2.151;157;20250115;0.0;1.0;-1.5;1.0;0.0;9.0;5.7;1.0;2112.0;9.0;3.5;1;2.1;1.0;7.2;1.0;-5.7;9.0;-3.0;9.0;1.5;9;4.0;9.0;350.0;9.0;1506.0;9.0
91272001;GIF-SUR-YVETTE-INRAE;48.714333;2.151;157;20250116;0.0;1.0;1.8;1.0;724.0;9.0;3.8;1.0;2142.0;9.0;3.3;1;2.8;1.0;2.0;1.0;-0.2;9.0;0.7;9.0;2.1;9;6.0;9.0;90.0;9.0;1554.0;9.0
91272001;GIF-SUR-YVETTE-INRAE;48.714333;2.151;157;20250117;0.0;1.0;-1.1;1.0;448.0;9.0;1.0;1.0;1118.0;9.0;0.2;1;-0.1;1.0;2.1;1.0;-6.0;9.0;-3.2;9.0;1.5;9;4.0;9.0;50.0;9.0;2354.0;9.0
91272001;GIF-SUR-YVETTE-INRAE;48.714333;2.151;157;20250118;0.0;1.0;-1.3;1.0;54.0;9.0;0.7;1.0;1500.0;9.0;-0.2;1;-0.3;1.0;2.0;1.0;-1.1;9.0;-1.2;9.0;2.2;9;6.0;9.0;150.0;9.0;1936.0;9.0
91272001;GIF-SUR-YVETTE-INRAE;48.714333;2.151;157;20250119;0.0;1.0;-1.3;1.0;6.0;9.0;0.0;1.0;1300.0;9.0;-0.6;1;-0.7;1.0;1.3;1.0;-5.7;9.0;-3.1;9.0;1.1;9;4.0;9.0;230.0;9.0;1100.0;9.0
91272001;GIF-SUR-YVETTE-INRAE;48.714333;2.151;157;20250120;0.0;1.0;-2.4;1.0;948.0;9.0;-1.0;1.0;1454.0;9.0;-1.7;1;-1.7;1.0;1.4;1.0;-1.9;9.0;-2.2;9.0;1.3;9;4.0;9.0;110.0;9.0;1500.0;9.0
91272001;GIF-SUR-YVETTE-INRAE;48.714333;2.151;157;20250121;0.0;1.0;-2.4;1.0;736.0;9.0;3.8;1.0;542.0;9.0;-0.5;1;0.7;1.0;6.2;1.0;-3.0;9.0;-2.4;9.0;1.2;9;4.0;9.0;110.0;9.0;1412.0;9.0
91272001;GIF-SUR-YVETTE-INRAE;48.714333;2.151;157;20250122;20.5;1.0;0.9;1.0;18.0;9.0;8.2;1.0;1600.0;9.0;5.5;1;4.6;1.0;7.3;1.0;-1.7;9.0;-0.5;9.0;1.7;9;8.0;9.0;350.0;9.0;2054.0;9.0
91272001;GIF-SUR-YVETTE-INRAE;48.714333;2.151;157;20250123;0.5;1.0;3.2;1.0;736.0;9.0;7.7;1.0;2306.0;9.0;5.6;1;5.5;1.0;4.5;1.0;1.4;9.0;2.6;9.0;4.2;9;12.0;9.0;200.0;9.0;2036.0;9.0
91272001;GIF-SUR-YVETTE-INRAE;48.714333;2.151;157;20250124;2.0;1.0;6.3;1.0;648.0;9.0;11.9;1.0;42.0;9.0;9.0;1;9.1;1.0;5.6;1.0;5.4;9.0;5.9;9.0;6.6;9;16.0;9.0;210.0;9.0;1342.0;9.0
91272001;GIF-SUR-YVETTE-INRAE;48.714333;2.151;157;20250125;8.0;1.0;7.5;1.0;1754.0;9.0;11.2;1.0;600.0;9.0;8.4;1;9.4;1.0;3.7;1.0;7.1;9.0;7.1;9.0;3.4;9;13.0;9.0;240.0;9.0;612.0;9.0
91272001;GIF-SUR-YVETTE-INRAE;48.714333;2.151;157;20250126;5.0;1.0;0.7;1.0;648.0;9.0;11.4;1.0;218.0;9.0;4.8;1;6.1;1.0;10.7;1.0;0.5;9.0;0.7;9.0;4.8;9;14.0;9.0;180.0;9.0;2354.0;9.0
91272001;GIF-SUR-YVETTE-INRAE;48.714333;2.151;157;20250127;3.0;1.0;7.3;1.0;1054.0;9.0;10.4;1.0;1342.0;9.0;8.9;1;8.9;1.0;3.1;1.0;5.7;9.0;6.2;9.0;6.8;9;16.0;9.0;200.0;9.0;48.0;9.0
91272001;GIF-SUR-YVETTE-INRAE;48.714333;2.151;157;20250128;2.0;1.0;6.0;1.0;754.0;9.0;10.9;1.0;1500.0;9.0;7.8;1;8.5;1.0;4.9;1.0;4.7;9.0;5.2;9.0;6.2;9;15.0;9.0;220.0;9.0;1012.0;9.0
91272001;GIF-SUR-YVETTE-INRAE;48.714333;2.151;157;20250129;15.5;1.0;5.1;1.0;812.0;9.0;7.2;1.0;1654.0;9.0;6.6;1;6.2;1.0;2.1;1.0;3.2;9.0;4.5;9.0;3.6;9;12.0;9.0;240.0;9.0;118.0;9.0
91272001;GIF-SUR-YVETTE-INRAE;48.714333;2.151;157;20250130;0.0;1.0;4.9;1.0;718.0;9.0;7.1;1.0;1006.0;9.0;5.2;1;6.0;1.0;2.2;1.0;2.9;9.0;4.1;9.0;2.5;9;10.0;9.0;20.0;9.0;1354.0;9.0
91272001;GIF-SUR-YVETTE-INRAE;48.714333;2.151;157;20250131;4.0;1.0;-0.7;1.0;236.0;9.0;4.5;1.0;1306.0;9.0;1.7;1;1.9;1.0;5.2;1.0;-5.4;9.0;-3.0;9.0;2.0;9;7.0;9.0;160.0;9.0;1524.0;9.0
91272001;GIF-SUR-YVETTE-INRAE;48.714333;2.151;157;20250201;0.0;1.0;-1.6;1.0;748.0;9.0;6.4;1.0;1442.0;9.0;1.8;1;2.4;1.0;8.0;1.0;-5.7;9.0;-3.2;9.0;1.4;9;5.0;9.0;70.0;9.0;1500.0;9.0
91272001;GIF-SUR-YVETTE-INRAE;48.714333;2.151;157;20250202;0.0;1.0;-1.6;1.0;736.0;9.0;6.8;1.0;1330.0;9.0;1.6;1;2.6;1.0;8.4;1.0;-7.0;9.0;-4.1;9.0;0.8;9;3.0;9.0;100.0;9.0;1548.0;9.0
91272001;GIF-SUR-YVETTE-INRAE;48.714333;2.151;157;20250203;0.0;1.0;-1.9;1.0;706.0;9.0;8.0;1.0;1530.0;9.0;1.9;1;3.1;1.0;9.9;1.0;-7.3;9.0;-4.7;9.0;1.0;9;4.0;9.0;170.0;9.0;1906.0;9.0
91272001;GIF-SUR-YVETTE-INRAE;48.714333;2.151;157;20250204;0.0;1.0;-1.9;1.0;536.0;9.0;2.4;1.0;554.0;9.0;-0.1;1;0.3;1.0;4.3;1.0;-1.4;9.0;-1.7;9.0;2.1;9;5.0;9.0;230.0;9.0;2018.0;9.0
91272001;GIF-SUR-YVETTE-INRAE;48.714333;2.151;157;20250205;0.0;1.0;1.1;1.0;0.0;9.0;5.4;1.0;1612.0;9.0;3.6;1;3.3;1.0;4.3;1.0;1.2;9.0;1.1;9.0;1.4;9;4.0;9.0;30.0;9.0;2100.0;9.0
91272001;GIF-SUR-YVETTE-INRAE;48.714333;2.151;157;20250206;0.5;1.0;1.6;1.0;854.0;9.0;4.1;1.0;1912.0;9.0;3.0;1;2.9;1.0;2.5;1.0;-1.5;9.0;0.9;9.0;4.1;9;10.0;9.0;70.0;9.0;2218.0;9.0
91272001;GIF-SUR-YVETTE-INRAE;48.714333;2.151;157;20250207;2.0;1.0;1.3;1.0;824.0;9.0;5.9;1.0;530.0;9.0;3.3;1;3.6;1.0;4.6;1.0;1.1;9.0;1.1;9.0;3.8;9;8.0;9.0;90.0;9.0;1230.0;9.0
91272001;GIF-SUR-YVETTE-INRAE;48.714333;2.151;157;20250208;5.5;1.0;2.4;1.0;842.0;9.0;5.8;1.0;1600.0;9.0;4.5;1;4.1;1.0;3.4;1.0;2.1;9.0;2.4;9.0;3.1;9;9.0;9.0;170.0;9.0;2154.0;9.0
91272001;GIF-SUR-YVETTE-INRAE;48.714333;2.151;157;20250209;0.5;1.0;3.0;1.0;30.0;9.0;6.2;1.0;1500.0;9.0;4.4;1;4.6;1.0;3.2;1.0;2.4;9.0;2.5;9.0;1.9;9;6.0;9.0;200.0;9.0;12.0;9.0
91272001;GIF-SUR-YVETTE-INRAE;48.714333;2.151;157;20250210;3.5;1.0;3.8;1.0;1754.0;9.0;5.2;1.0;1630.0;9.0;4.0;1;4.5;1.0;1.4;1.0;3.3;9.0;3.4;9.0;2.4;9;7.0;9.0;300.0;9.0;1954.0;9.0
91272001;GIF-SUR-YVETTE-INRAE;48.714333;2.151;157;20250211;0.0;1.0;2.5;1.0;330.0;9.0;5.6;1.0;1442.0;9.0;3.1;1;4.1;1.0;3.1;1.0;-0.4;9.0;1.4;9.0;1.4;9;7.0;9.0;310.0;9.0;12.0;9.0
91272001;GIF-SUR-YVETTE-INRAE;48.714333;2.151;157;20250212;0.5;1.0;0.8;1.0;148.0;9.0;4.3;1.0;1730.0;9.0;3.3;1;2.6;1.0;3.5;1.0;-3.9;9.0;-0.9;9.0;1.6;9;4.0;9.0;40.0;9.0;1424.0;9.0
91272001;GIF-SUR-YVETTE-INRAE;48.714333;2.151;157;20250213;0.0;1.0;2.5;1.0;754.0;9.0;5.0;1.0;1430.0;9.0;3.8;1;3.8;1.0;2.5;1.0;0.3;9.0;2.0;9.0;1.8;9;6.0;9.0;50.0;9.0;1854.0;9.0
91272001;GIF-SUR-YVETTE-INRAE;48.714333;2.151;157;20250214;0.0;1.0;-1.2;1.0;730.0;9.0;4.5;1.0;1436.0;9.0;1.3;1;1.7;1.0;5.7;1.0;-2.4;9.0;-1.7;9.0;2.8;9;7.0;9.0;100.0;9.0;1712.0;9.0
91272001;GIF-SUR-YVETTE-INRAE;48.714333;2.151;157;20250215;0.0;1.0;-2.7;1.0;606.0;9.0;3.7;1.0;1500.0;9.0;0.2;1;0.5;1.0;6.4;1.0;-5.7;9.0;-4.1;9.0;2.4;9;6.0;9.0;90.0;9.0;1812.0;9.0
91272001;GIF-SUR-YVETTE-INRAE;48.714333;2.151;157;20250216;0.0;1.0;-1.3;1.0;354.0;9.0;5.4;1.0;1530.0;9.0;1.8;1;2.1;1.0;6.7;1.0;-4.3;9.0;-3.1;9.0;2.2;9;6.0;9.0;30.0;9.0;1542.0;9.0
91272001;GIF-SUR-YVETTE-INRAE;48.714333;2.151;157;20250217;0.0;1.0;-1.3;1.0;530.0;9.0;6.5;1.0;1512.0;9.0;1.7;1;2.6;1.0;7.8;1.0;-3.6;9.0;-2.5;9.0;1.8;9;5.0;9.0;60.0;9.0;1212.0;9.0
91272001;GIF-SUR-YVETTE-INRAE;48.714333;2.151;157;20250218;0.0;1.0;-0.6;1.0;654.0;9.0;7.8;1.0;1518.0;9.0;2.9;1;3.6;1.0;8.4;1.0;-3.4;9.0;-1.3;9.0;3.1;9;8.0;9.0;110.0;9.0;1724.0;9.0
91272001;GIF-SUR-YVETTE-INRAE;48.714333;2.151;157;20250219;0.0;1.0;-0.3;1.0;654.0;9.0;10.7;1.0;1918.0;9.0;5.7;1;5.2;1.0;11.0;1.0;-1.7;9.0;-0.9;9.0;2.0;9;6.0;9.0;100.0;9.0;106.0;9.0
91272001;GIF-SUR-YVETTE-INRAE;48.714333;2.151;157;20250220;0.5;1.0;6.5;1.0;448.0;9.0;14.1;1.0;1436.0;9.0;10.3;1;10.3;1.0;7.6;1.0;1.1;9.0;5.0;9.0;2.8;9;7.0;9.0;210.0;9.0;830.0;9.0
91272001;GIF-SUR-YVETTE-INRAE;48.714333;2.151;157;20250221;1.5;1.0;9.0;1.0;654.0;9.0;15.1;1.0;1454.0;9.0;12.5;1;12.1;1.0;6.1;1.0;5.5;9.0;7.1;9.0;2.6;9;8.0;9.0;130.0;9.0;1530.0;9.0
91272001;GIF-SUR-YVETTE-INRAE;48.714333;2.151;157;20250222;1.0;1.0;8.9;1.0;718.0;9.0;14.0;1.0;1542.0;9.0;10.3;1;11.5;1.0;5.1;1.0;7.9;9.0;8.1;9.0;2.5;9;10.0;9.0;270.0;9.0;1236.0;9.0
91272001;GIF-SUR-YVETTE-INRAE;48.714333;2.151;157;20250223;0.0;1.0;4.4;1.0;512.0;9.0;12.2;1.0;1406.0;9.0;9.0;1;8.3;1.0;7.8;1.0;-0.9;9.0;2.4;9.0;2.9;9;9.0;9.0;200.0;9.0;2318.0;9.0
91272001;GIF-SUR-YVETTE-INRAE;48.714333;2.151;157;20250224;2.0;1.0;9.4;1.0;612.0;9.0;12.2;1.0;1200.0;9.0;10.1;1;10.8;1.0;2.8;1.0;7.8;9.0;8.9;9.0;3.8;9;11.0;9.0;180.0;9.0;1124.0;9.0
91272001;GIF-SUR-YVETTE-INRAE;48.714333;2.151;157;20250225;25.5;1.0;5.8;1.0;1754.0;9.0;8.7;1.0;1136.0;9.0;7.6;1;7.3;1.0;2.9;1.0;4.9;9.0;5.0;9.0;3.8;9;14.0;9.0;310.0;9.0;1548.0;9.0
91272001;GIF-SUR-YVETTE-INRAE;48.714333;2.151;157;20250226;3.0;1.0;2.6;1.0;718.0;9.0;9.2;1.0;1348.0;9.0;6.1;1;5.9;1.0;6.6;1.0;0.8;9.0;2.0;9.0;3.5;9;11.0;9.0;200.0;9.0;1424.0;9.0
91272001;GIF-SUR-YVETTE-INRAE;48.714333;2.151;157;20250227;0.0;1.0;2.4;1.0;624.0;9.0;8.5;1.0;1348.0;9.0;5.6;1;5.5;1.0;6.1;1.0;-0.1;9.0;1.5;9.0;2.6;9;8.0;9.0;320.0;9.0;1406.0;9.0
91272001;GIF-SUR-YVETTE-INRAE;48.714333;2.151;157;20250228;0.5;1.0;2.3;1.0;506.0;9.0;8.1;1.0;1518.0;9.0;5.3;1;5.2;1.0;5.8;1.0;-0.3;9.0;1.4;9.0;2.4;9;7.0;9.0;10.0;9.0;1130.0;9.0
91272001;GIF-SUR-YVETTE-INRAE;48.714333;2.151;157;20250301;0.0;1.0;1.1;1.0;530.0;9.0;6.8;1.0;1236.0;9.0;3.7;1;4.0;1.0;5.7;1.0;-1.6;9.0;-0.1;9.0;3.7;9;10.0;9.0;10.0;9.0;1506.0;9.0
91272001;GIF-SUR-YVETTE-INRAE;48.714333;2.151;157;20250302;0.0;1.0;0.5;1.0;606.0;9.0;10.3;1.0;1536.0;9.0;4.8;1;5.4;1.0;9.8;1.0;-1.1;9.0;-0.2;9.0;2.8;9;8.0;9.0;50.0;9.0;906.0;9.0
91272001;GIF-SUR-YVETTE-INRAE;48.714333;2.151;157;20250303;0.0;1.0;-0.5;1.0;606.0;9.0;11.0;1.0;1542.0;9.0;5.3;1;5.3;1.0;11.5;1.0;-6.8;9.0;-3.0;9.0;1.0;9;5.0;9.0;330.0;9.0;1524.0;9.0
91272001;GIF-SUR-YVETTE-INRAE;48.714333;2.151;157;20250304;0.0;1.0;1.4;1.0;548.0;9.0;12.3;1.0;1548.0;9.0;6.0;1;6.9;1.0;10.9;1.0;-4.5;9.0;-0.9;9.0;1.0;9;4.0;9.0;30.0;9.0;1548.0;9.0
91272001;GIF-SUR-YVETTE-INRAE;48.714333;2.151;157;20250305;0.5;1.0;1.2;1.0;500.0;9.0;16.9;1.0;1512.0;9.0;8.6;1;9.1;1.0;15.7;1.0;-4.7;9.0;-1.6;9.0;1.0;9;5.0;9.0;140.0;9.0;1224.0;9.0
91272001;GIF-SUR-YVETTE-INRAE;48.714333;2.151;157;20250306;0.0;1.0;3.8;1.0;154.0;9.0;16.6;1.0;1600.0;9.0;10.6;1;10.2;1.0;12.8;1.0;-2.9;9.0;1.7;9.0;1.9;9;8.0;9.0;190.0;9.0;1430.0;9.0
91272001;GIF-SUR-YVETTE-INRAE;48.714333;2.151;157;20250307;0.0;1.0;6.7;1.0;642.0;9.0;16.6;1.0;1506.0;9.0;11.7;1;11.7;1.0;9.9;1.0;1.0;9.0;4.9;9.0;2.3;9;7.0;9.0;130.0;9.0;1506.0;9.0
91272001;GIF-SUR-YVETTE-INRAE;48.714333;2.151;157;20250308;0.0;1.0;6.8;1.0;618.0;9.0;17.5;1.0;1442.0;9.0;12.0;1;12.2;1.0;10.7;1.0;3.4;9.0;5.1;9.0;2.6;9;8.0;9.0;100.0;9.0;1600.0;9.0
91272001;GIF-SUR-YVETTE-INRAE;48.714333;2.151;157;20250309;1.5;1.0;6.9;1.0;424.0;9.0;16.6;1.0;1500.0;9.0;11.7;1;11.8;1.0;9.7;1.0;3.8;9.0;5.3;9.0;2.0;9;7.0;9.0;100.0;9.0;1600.0;9.0
91272001;GIF-SUR-YVETTE-INRAE;48.714333;2.151;157;20250310;3.0;1.0;9.1;1.0;730.0;9.0;11.6;1.0;1624.0;9.0;9.7;1;10.4;1.0;2.5;1.0;5.3;9.0;8.2;9.0;1.2;9;6.0;9.0;200.0;9.0;1154.0;9.0
91272001;GIF-SUR-YVETTE-INRAE;48.714333;2.151;157;20250311;1.5;1.0;2.6;1.0;618.0;9.0;10.5;1.0;1112.0;9.0;6.3;1;6.6;1.0;7.9;1.0;-0.9;9.0;1.8;9.0;2.6;9;8.0;9.0;30.0;9.0;2142.0;9.0
91272001;GIF-SUR-YVETTE-INRAE;48.714333;2.151;157;20250312;0.0;1.0;2.5;1.0;724.0;9.0;6.3;1.0;1648.0;9.0;4.5;1;4.4;1.0;3.8;1.0;1.9;9.0;2.4;9.0;2.6;9;6.0;9.0;10.0;9.0;2212.0;9.0
91272001;GIF-SUR-YVETTE-INRAE;48.714333;2.151;157;20250313;1.0;1.0;1.9;1.0;642.0;9.0;7.2;1.0;1548.0;9.0;3.9;1;4.6;1.0;5.3;1.0;-0.4;9.0;1.0;9.0;2.2;9;8.0;9.0;10.0;9.0;1548.0;9.0
91272001;GIF-SUR-YVETTE-INRAE;48.714333;2.151;157;20250314;0.0;1.0;-0.5;1.0;430.0;9.0;6.1;1.0;1148.0;9.0;3.1;1;2.8;1.0;6.6;1.0;-4.8;9.0;-2.2;9.0;2.6;9;8.0;9.0;10.0;9.0;1524.0;9.0
91272001;GIF-SUR-YVETTE-INRAE;48.714333;2.151;157;20250315;0.0;1.0;0.6;1.0;712.0;9.0;7.8;1.0;1442.0;9.0;4.0;1;4.2;1.0;7.2;1.0;-0.3;9.0;0.5;9.0;5.0;9;13.0;9.0;350.0;9.0;1742.0;9.0
91272001;GIF-SUR-YVETTE-INRAE;48.714333;2.151;157;20250316;0.0;1.0;2.4;1.0;612.0;9.0;9.8;1.0;1400.0;9.0;5.7;1;6.1;1.0;7.4;1.0;1.9;9.0;2.2;9.0;3.7;9;8.0;9.0;60.0;9.0;2048.0;9.0
91272001;GIF-SUR-YVETTE-INRAE;48.714333;2.151;157;20250317;0.0;1.0;0.7;1.0;548.0;9.0;11.3;1.0;1454.0;9.0;6.1;1;6.0;1.0;10.6;1.0;-1.7;9.0;-0.4;9.0;3.3;9;9.0;9.0;90.0;9.0;2054.0;9.0
91272001;GIF-SUR-YVETTE-INRAE;48.714333;2.151;157;20250318;0.0;1.0;1.5;1.0;600.0;9.0;12.4;1.0;1642.0;9.0;6.8;1;7.0;1.0;10.9;1.0;-0.4;9.0;0.5;9.0;3.3;9;9.0;9.0;80.0;9.0;918.0;9.0
91272001;GIF-SUR-YVETTE-INRAE;48.714333;2.151;157;20250319;0.0;1.0;5.9;1.0;542.0;9.0;17.0;1.0;1506.0;9.0;11.6;1;11.5;1.0;11.1;1.0;0.3;9.0;3.6;9.0;2.1;9;6.0;9.0;160.0;9.0;1606.0;9.0
91272001;GIF-SUR-YVETTE-INRAE;48.714333;2.151;157;20250320;0.0;1.0;4.7;1.0;612.0;9.0;18.4;1.0;1430.0;9.0;12.5;1;11.6;1.0;13.7;1.0;-0.6;9.0;3.3;9.0;1.8;9;6.0;9.0;110.0;9.0;1542.0;9.0
91272001;GIF-SUR-YVETTE-INRAE;48.714333;2.151;157;20250321;5.0;1.0;9.5;1.0;400.0;9.0;18.4;1.0;1312.0;9.0;13.3;1;14.0;1.0;8.9;1.0;7.9;9.0;8.7;9.0;2.9;9;8.0;9.0;140.0;9.0;1524.0;9.0
91272001;GIF-SUR-YVETTE-INRAE;48.714333;2.151;157;20250322;8.5;1.0;10.3;1.0;554.0;9.0;17.0;1.0;1318.0;9.0;11.8;1;13.7;1.0;6.7;1.0;9.0;9.0;10.0;9.0;2.4;9;12.0;9.0;90.0;9.0;1630.0;9.0
91272001;GIF-SUR-YVETTE-INRAE;48.714333;2.151;157;20250323;1.0;1.0;6.7;1.0;248.0;9.0;12.8;1.0;1400.0;9.0;9.1;1;9.8;1.0;6.1;1.0;5.3;9.0;6.0;9.0;2.1;9;8.0;9.0;220.0;9.0;1330.0;9.0
91272001;GIF-SUR-YVETTE-INRAE;48.714333;2.151;157;20250324;0.0;1.0;7.1;1.0;400.0;9.0;15.3;1.0;1454.0;9.0;10.9;1;11.2;1.0;8.2;1.0;2.2;9.0;5.7;9.0;1.6;9;6.0;9.0;330.0;9.0;1518.0;9.0
91272001;GIF-SUR-YVETTE-INRAE;48.714333;2.151;157;20250325;0.0;1.0;7.7;1.0;812.0;9.0;13.0;1.0;1442.0;9.0;9.6;1;10.4;1.0;5.3;1.0;8.2;9.0;8.3;9.0;2.5;9;6.0;9.0;280.0;9.0;1648.0;9.0
91272001;GIF-SUR-YVETTE-INRAE;48.714333;2.151;157;20250326;0.5;1.0;7.7;1.0;106.0;9.0;14.0;1.0;1536.0;9.0;9.6;1;10.9;1.0;6.3;1.0;4.7;9.0;6.6;9.0;2.3;9;6.0;9.0;20.0;9.0;1606.0;9.0
91272001;GIF-SUR-YVETTE-INRAE;48.714333;2.151;157;20250327;0.0;1.0;3.4;1.0;442.0;9.0;15.2;1.0;1642.0;9.0;9.2;1;9.3;1.0;11.8;1.0;-1.8;9.0;1.1;9.0;1.6;9;6.0;9.0;20.0;9.0;1430.0;9.0
91272001;GIF-SUR-YVETTE-INRAE;48.714333;2.151;157;20250328;4.0;1.0;4.4;1.0;742.0;9.0;11.8;1.0;1330.0;9.0;7.7;1;8.1;1.0;7.4;1.0;-0.5;9.0;3.3;9.0;2.6;9;8.0;9.0;300.0;9.0;2248.0;9.0
91272001;GIF-SUR-YVETTE-INRAE;48.714333;2.151;157;20250329;0.0;1.0;5.2;1.0;554.0;9.0;12.9;1.0;1542.0;9.0;8.8;1;9.1;1.0;7.7;1.0;2.9;9.0;4.5;9.0;3.0;9;10.0;9.0;350.0;9.0;1412.0;9.0
91272001;GIF-SUR-YVETTE-INRAE;48.714333;2.151;157;20250330;0.0;1.0;5.4;1.0;48.0;9.0;15.5;1.0;1448.0;9.0;10.1;1;10.5;1.0;10.1;1.0;-0.8;9.0;2.8;9.0;2.8;9;10.0;9.0;320.0;9.0;1324.0;9.0
91272001;GIF-SUR-YVETTE-INRAE;48.714333;2.151;157;20250331;0.0;1.0;3.9;1.0;542.0;9.0;14.9;1.0;1548.0;9.0;9.7;1;9.4;1.0;11.0;1.0;-1.1;9.0;1.7;9.0;2.6;9;7.0;9.0;60.0;9.0;1700.0;9.0
91272001;GIF-SUR-YVETTE-INRAE;48.714333;2.151;157;20250401;0.0;1.0;5.0;1.0;536.0;9.0;14.8;1.0;1412.0;9.0;9.8;1;9.9;1.0;9.8;1.0;1.2;9.0;3.3;9.0;5.2;9;14.0;9.0;60.0;9.0;1630.0;9.0
91272001;GIF-SUR-YVETTE-INRAE;48.714333;2.151;157;20250402;0.0;1.0;5.7;1.0;512.0;9.0;16.8;1.0;1612.0;9.0;11.3;1;11.3;1.0;11.1;1.0;4.3;9.0;5.1;9.0;3.9;9;9.0;9.0;130.0;9.0;1706.0;9.0
91272001;GIF-SUR-YVETTE-INRAE;48.714333;2.151;157;20250403;0.0;1.0;7.2;1.0;118.0;9.0;21.1;1.0;1530.0;9.0;14.6;1;14.2;1.0;13.9;1.0;1.6;9.0;5.1;9.0;2.5;9;9.0;9.0;120.0;9.0;1336.0;9.0
91272001;GIF-SUR-YVETTE-INRAE;48.714333;2.151;157;20250404;0.0;1.0;10.1;1.0;236.0;9.0;23.3;1.0;1330.0;9.0;16.2;1;16.7;1.0;13.2;1.0;4.5;9.0;8.1;9.0;2.6;9;9.0;9.0;70.0;9.0;1348.0;9.0
91272001;GIF-SUR-YVETTE-INRAE;48.714333;2.151;157;20250405;0.0;1.0;9.6;1.0;430.0;9.0;24.0;1.0;1512.0;9.0;17.1;1;16.8;1.0;14.4;1.0;2.8;9.0;6.4;9.0;2.5;9;7.0;9.0;30.0;9.0;2006.0;9.0
91272001;GIF-SUR-YVETTE-INRAE;48.714333;2.151;157;20250406;0.0;1.0;8.6;1.0;530.0;9.0;18.1;1.0;1548.0;9.0;13.0;1;13.4;1.0;9.5;1.0;5.6;9.0;7.3;9.0;3.3;9;12.0;9.0;90.0;9.0;1412.0;9.0
91272001;GIF-SUR-YVETTE-INRAE;48.714333;2.151;157;20250407;0.0;1.0;4.0;1.0;306.0;9.0;16.5;1.0;1606.0;9.0;10.3;1;10.3;1.0;12.5;1.0;-3.5;9.0;1.0;9.0;1.9;9;7.0;9.0;50.0;9.0;1542.0;9.0
91272001;GIF-SUR-YVETTE-INRAE;48.714333;2.151;157;20250408;0.0;1.0;3.7;1.0;542.0;9.0;17.5;1.0;1454.0;9.0;11.3;1;10.6;1.0;13.8;1.0;-3.1;9.0;0.7;9.0;1.3;9;6.0;9.0;70.0;9.0;1412.0;9.0
91272001;GIF-SUR-YVETTE-INRAE;48.714333;2.151;157;20250409;0.0;1.0;6.2;1.0;524.0;9.0;17.8;1.0;1518.0;9.0;12.0;1;12.0;1.0;11.6;1.0;1.1;9.0;3.9;9.0;2.9;9;8.0;9.0;20.0;9.0;1718.0;9.0
91272001;GIF-SUR-YVETTE-INRAE;48.714333;2.151;157;20250410;0.0;1.0;4.9;1.0;518.0;9.0;15.8;1.0;1542.0;9.0;10.1;1;10.4;1.0;10.9;1.0;3.1;9.0;4.1;9.0;2.7;9;8.0;9.0;20.0;9.0;54.0;9.0
91272001;GIF-SUR-YVETTE-INRAE;48.714333;2.151;157;20250411;0.0;1.0;4.5;1.0;518.0;9.0;20.1;1.0;1606.0;9.0;12.7;1;12.3;1.0;15.6;1.0;-1.8;9.0;1.2;9.0;1.6;9;6.0;9.0;110.0;9.0;1700.0;9.0
91272001;GIF-SUR-YVETTE-INRAE;48.714333;2.151;157;20250412;4.5;1.0;7.8;1.0;512.0;9.0;21.0;1.0;1236.0;9.0;13.6;1;14.4;1.0;13.2;1.0;2.0;9.0;5.0;9.0;2.9;9;9.0;9.0;200.0;9.0;1330.0;9.0
91272001;GIF-SUR-YVETTE-INRAE;48.714333;2.151;157;20250413;0.0;1.0;11.4;1.0;612.0;9.0;16.3;1.0;1600.0;9.0;12.8;1;13.9;1.0;4.9;1.0;11.0;9.0;11.1;9.0;3.0;9;8.0;9.0;210.0;9.0;1548.0;9.0
91272001;GIF-SUR-YVETTE-INRAE;48.714333;2.151;157;20250414;1.0;1.0;5.1;1.0;348.0;9.0;18.8;1.0;1542.0;9.0;12.9;1;12.0;1.0;13.7;1.0;0.4;9.0;3.1;9.0;1.7;9;8.0;9.0;130.0;9.0;1306.0;9.0
91272001;GIF-SUR-YVETTE-INRAE;48.714333;2.151;157;20250415;0.0;1.0;11.1;1.0;500.0;9.0;16.2;1.0;1042.0;9.0;12.8;1;13.7;1.0;5.1;1.0;9.2;9.0;10.6;9.0;3.5;9;13.0;9.0;210.0;9.0;1418.0;9.0
91272001;GIF-SUR-YVETTE-INRAE;48.714333;2.151;157;20250417;0.0;1.0;3.8;1.0;500.0;9.0;16.4;1.0;1536.0;9.0;10.7;1;10.1;1.0;12.6;1.0;-1.2;9.0;1.1;9.0;1.4;9;6.0;9.0;70.0;9.0;1406.0;9.0
